id,label
test_000001,1
test_000002,6
test_000003,7
test_000004,1
test_000005,3
test_000006,9
test_000007,1
test_000008,8
test_000009,3
test_000010,8
test_000011,5
test_000012,8
test_000013,6
test_000014,2
test_000015,5
test_000016,0
test_000017,2
test_000018,6
test_000019,7
test_000020,2
test_000021,3
test_000022,0
test_000023,1
test_000024,8
test_000025,5
test_000026,6
test_000027,5
test_000028,1
test_000029,9
test_000030,0
test_000031,1
test_000032,6
test_000033,8
test_000034,6
test_000035,2
test_000036,8
test_000037,7
test_000038,4
test_000039,3
test_000040,1
test_000041,7
test_000042,8
test_000043,1
test_000044,5
test_000045,9
test_000046,7
test_000047,3
test_000048,4
test_000049,6
test_000050,1
test_000051,4
test_000052,8
test_000053,6
test_000054,1
test_000055,5
test_000056,0
test_000057,7
test_000058,3
test_000059,4
test_000060,5
test_000061,5
test_000062,5
test_000063,6
test_000064,3
test_000065,2
test_000066,1
test_000067,6
test_000068,7
test_000069,0
test_000070,6
test_000071,2
test_000072,5
test_000073,8
test_000074,4
test_000075,3
test_000076,3
test_000077,3
test_000078,4
test_000079,3
test_000080,0
test_000081,4
test_000082,9
test_000083,7
test_000084,2
test_000085,8
test_000086,3
test_000087,0
test_000088,1
test_000089,0
test_000090,3
test_000091,8
test_000092,3
test_000093,3
test_000094,2
test_000095,3
test_000096,2
test_000097,6
test_000098,1
test_000099,4
test_000100,2
test_000101,9
test_000102,2
test_000103,6
test_000104,8
test_000105,6
test_000106,1
test_000107,3
test_000108,3
test_000109,9
test_000110,7
test_000111,8
test_000112,5
test_000113,6
test_000114,3
test_000115,7
test_000116,1
test_000117,1
test_000118,2
test_000119,4
test_000120,8
test_000121,2
test_000122,9
test_000123,8
test_000124,6
test_000125,7
test_000126,2
test_000127,1
test_000128,2
test_000129,8
test_000130,6
test_000131,0
test_000132,0
test_000133,5
test_000134,7
test_000135,7
test_000136,5
test_000137,6
test_000138,5
test_000139,8
test_000140,7
test_000141,8
test_000142,6
test_000143,1
test_000144,7
test_000145,6
test_000146,0
test_000147,5
test_000148,6
test_000149,8
test_000150,1
test_000151,6
test_000152,4
test_000153,5
test_000154,1
test_000155,3
test_000156,7
test_000157,6
test_000158,1
test_000159,9
test_000160,2
test_000161,3
test_000162,7
test_000163,0
test_000164,9
test_000165,1
test_000166,0
test_000167,4
test_000168,7
test_000169,5
test_000170,3
test_000171,8
test_000172,8
test_000173,6
test_000174,8
test_000175,6
test_000176,6
test_000177,2
test_000178,2
test_000179,4
test_000180,2
test_000181,4
test_000182,2
test_000183,5
test_000184,6
test_000185,8
test_000186,4
test_000187,4
test_000188,5
test_000189,9
test_000190,1
test_000191,3
test_000192,5
test_000193,6
test_000194,3
test_000195,5
test_000196,9
test_000197,2
test_000198,5
test_000199,9
test_000200,9
test_000201,1
test_000202,6
test_000203,2
test_000204,0
test_000205,6
test_000206,7
test_000207,8
test_000208,9
test_000209,1
test_000210,5
test_000211,8
test_000212,5
test_000213,8
test_000214,0
test_000215,2
test_000216,8
test_000217,0
test_000218,4
test_000219,4
test_000220,1
test_000221,2
test_000222,5
test_000223,8
test_000224,6
test_000225,6
test_000226,6
test_000227,0
test_000228,9
test_000229,0
test_000230,5
test_000231,0
test_000232,6
test_000233,7
test_000234,0
test_000235,3
test_000236,0
test_000237,7
test_000238,5
test_000239,5
test_000240,0
test_000241,4
test_000242,6
test_000243,6
test_000244,3
test_000245,2
test_000246,9
test_000247,2
test_000248,5
test_000249,4
test_000250,6
test_000251,0
test_000252,8
test_000253,9
test_000254,0
test_000255,1
test_000256,0
test_000257,5
test_000258,7
test_000259,5
test_000260,1
test_000261,8
test_000262,4
test_000263,6
test_000264,9
test_000265,2
test_000266,5
test_000267,0
test_000268,9
test_000269,5
test_000270,6
test_000271,3
test_000272,5
test_000273,3
test_000274,3
test_000275,1
test_000276,3
test_000277,9
test_000278,6
test_000279,3
test_000280,2
test_000281,6
test_000282,2
test_000283,7
test_000284,4
test_000285,8
test_000286,1
test_000287,6
test_000288,3
test_000289,6
test_000290,5
test_000291,0
test_000292,7
test_000293,1
test_000294,9
test_000295,7
test_000296,3
test_000297,5
test_000298,7
test_000299,2
test_000300,1
test_000301,7
test_000302,6
test_000303,6
test_000304,1
test_000305,8
test_000306,2
test_000307,4
test_000308,9
test_000309,1
test_000310,2
test_000311,2
test_000312,2
test_000313,9
test_000314,1
test_000315,7
test_000316,0
test_000317,7
test_000318,9
test_000319,5
test_000320,3
test_000321,0
test_000322,9
test_000323,1
test_000324,8
test_000325,8
test_000326,4
test_000327,7
test_000328,0
test_000329,1
test_000330,2
test_000331,5
test_000332,4
test_000333,7
test_000334,5
test_000335,1
test_000336,4
test_000337,5
test_000338,9
test_000339,6
test_000340,0
test_000341,6
test_000342,3
test_000343,6
test_000344,0
test_000345,6
test_000346,9
test_000347,8
test_000348,3
test_000349,8
test_000350,8
test_000351,5
test_000352,8
test_000353,9
test_000354,4
test_000355,9
test_000356,0
test_000357,8
test_000358,0
test_000359,5
test_000360,3
test_000361,2
test_000362,7
test_000363,3
test_000364,3
test_000365,4
test_000366,6
test_000367,3
test_000368,8
test_000369,8
test_000370,9
test_000371,1
test_000372,6
test_000373,3
test_000374,9
test_000375,0
test_000376,3
test_000377,8
test_000378,7
test_000379,6
test_000380,3
test_000381,5
test_000382,4
test_000383,8
test_000384,2
test_000385,7
test_000386,0
test_000387,1
test_000388,9
test_000389,0
test_000390,1
test_000391,5
test_000392,6
test_000393,6
test_000394,9
test_000395,6
test_000396,8
test_000397,5
test_000398,9
test_000399,6
test_000400,1
test_000401,8
test_000402,1
test_000403,1
test_000404,5
test_000405,5
test_000406,0
test_000407,6
test_000408,5
test_000409,8
test_000410,3
test_000411,2
test_000412,0
test_000413,7
test_000414,0
test_000415,6
test_000416,7
test_000417,2
test_000418,8
test_000419,2
test_000420,7
test_000421,4
test_000422,7
test_000423,0
test_000424,3
test_000425,6
test_000426,5
test_000427,3
test_000428,3
test_000429,5
test_000430,0
test_000431,4
test_000432,7
test_000433,3
test_000434,1
test_000435,4
test_000436,0
test_000437,5
test_000438,1
test_000439,2
test_000440,6
test_000441,1
test_000442,6
test_000443,7
test_000444,4
test_000445,0
test_000446,4
test_000447,7
test_000448,2
test_000449,4
test_000450,6
test_000451,3
test_000452,1
test_000453,0
test_000454,2
test_000455,7
test_000456,8
test_000457,2
test_000458,1
test_000459,9
test_000460,4
test_000461,3
test_000462,8
test_000463,9
test_000464,1
test_000465,3
test_000466,5
test_000467,9
test_000468,4
test_000469,6
test_000470,0
test_000471,6
test_000472,7
test_000473,7
test_000474,4
test_000475,6
test_000476,4
test_000477,4
test_000478,0
test_000479,8
test_000480,3
test_000481,6
test_000482,6
test_000483,0
test_000484,9
test_000485,2
test_000486,0
test_000487,4
test_000488,4
test_000489,9
test_000490,1
test_000491,4
test_000492,5
test_000493,4
test_000494,0
test_000495,2
test_000496,4
test_000497,3
test_000498,2
test_000499,8
test_000500,6
test_000501,0
test_000502,9
test_000503,4
test_000504,6
test_000505,2
test_000506,2
test_000507,4
test_000508,0
test_000509,8
test_000510,5
test_000511,5
test_000512,8
test_000513,0
test_000514,4
test_000515,4
test_000516,9
test_000517,1
test_000518,8
test_000519,8
test_000520,6
test_000521,4
test_000522,2
test_000523,3
test_000524,7
test_000525,1
test_000526,3
test_000527,4
test_000528,2
test_000529,1
test_000530,4
test_000531,7
test_000532,7
test_000533,5
test_000534,5
test_000535,7
test_000536,6
test_000537,8
test_000538,1
test_000539,4
test_000540,7
test_000541,1
test_000542,6
test_000543,1
test_000544,0
test_000545,9
test_000546,7
test_000547,0
test_000548,1
test_000549,6
test_000550,3
test_000551,6
test_000552,3
test_000553,2
test_000554,3
test_000555,4
test_000556,4
test_000557,0
test_000558,9
test_000559,7
test_000560,5
test_000561,9
test_000562,3
test_000563,4
test_000564,8
test_000565,4
test_000566,9
test_000567,9
test_000568,0
test_000569,8
test_000570,4
test_000571,0
test_000572,8
test_000573,3
test_000574,6
test_000575,6
test_000576,1
test_000577,1
test_000578,8
test_000579,3
test_000580,5
test_000581,4
test_000582,0
test_000583,7
test_000584,0
test_000585,6
test_000586,7
test_000587,1
test_000588,4
test_000589,9
test_000590,7
test_000591,4
test_000592,1
test_000593,1
test_000594,4
test_000595,7
test_000596,0
test_000597,1
test_000598,9
test_000599,6
test_000600,7
test_000601,6
test_000602,7
test_000603,0
test_000604,9
test_000605,4
test_000606,3
test_000607,5
test_000608,2
test_000609,3
test_000610,5
test_000611,2
test_000612,3
test_000613,4
test_000614,1
test_000615,8
test_000616,4
test_000617,2
test_000618,5
test_000619,8
test_000620,5
test_000621,1
test_000622,7
test_000623,5
test_000624,7
test_000625,5
test_000626,1
test_000627,7
test_000628,2
test_000629,6
test_000630,6
test_000631,7
test_000632,2
test_000633,2
test_000634,0
test_000635,8
test_000636,4
test_000637,5
test_000638,5
test_000639,9
test_000640,8
test_000641,5
test_000642,0
test_000643,6
test_000644,9
test_000645,1
test_000646,5
test_000647,7
test_000648,6
test_000649,7
test_000650,9
test_000651,5
test_000652,3
test_000653,2
test_000654,8
test_000655,7
test_000656,6
test_000657,1
test_000658,1
test_000659,2
test_000660,6
test_000661,5
test_000662,0
test_000663,5
test_000664,6
test_000665,6
test_000666,4
test_000667,8
test_000668,6
test_000669,4
test_000670,7
test_000671,2
test_000672,5
test_000673,3
test_000674,8
test_000675,3
test_000676,2
test_000677,4
test_000678,1
test_000679,6
test_000680,1
test_000681,3
test_000682,8
test_000683,6
test_000684,4
test_000685,6
test_000686,8
test_000687,7
test_000688,7
test_000689,0
test_000690,0
test_000691,7
test_000692,7
test_000693,0
test_000694,3
test_000695,6
test_000696,6
test_000697,1
test_000698,2
test_000699,0
test_000700,3
test_000701,7
test_000702,8
test_000703,1
test_000704,4
test_000705,1
test_000706,6
test_000707,3
test_000708,5
test_000709,8
test_000710,6
test_000711,7
test_000712,8
test_000713,0
test_000714,5
test_000715,7
test_000716,0
test_000717,1
test_000718,0
test_000719,4
test_000720,6
test_000721,4
test_000722,6
test_000723,7
test_000724,5
test_000725,5
test_000726,1
test_000727,8
test_000728,6
test_000729,3
test_000730,6
test_000731,9
test_000732,9
test_000733,1
test_000734,6
test_000735,1
test_000736,9
test_000737,5
test_000738,3
test_000739,8
test_000740,5
test_000741,5
test_000742,5
test_000743,1
test_000744,5
test_000745,8
test_000746,9
test_000747,1
test_000748,5
test_000749,8
test_000750,6
test_000751,3
test_000752,2
test_000753,3
test_000754,8
test_000755,7
test_000756,5
test_000757,8
test_000758,3
test_000759,1
test_000760,8
test_000761,1
test_000762,3
test_000763,3
test_000764,1
test_000765,8
test_000766,7
test_000767,6
test_000768,1
test_000769,4
test_000770,1
test_000771,2
test_000772,3
test_000773,1
test_000774,6
test_000775,5
test_000776,5
test_000777,5
test_000778,7
test_000779,8
test_000780,2
test_000781,1
test_000782,3
test_000783,8
test_000784,6
test_000785,1
test_000786,5
test_000787,8
test_000788,2
test_000789,3
test_000790,0
test_000791,0
test_000792,3
test_000793,8
test_000794,1
test_000795,2
test_000796,9
test_000797,2
test_000798,4
test_000799,0
test_000800,1
test_000801,0
test_000802,3
test_000803,6
test_000804,9
test_000805,3
test_000806,9
test_000807,1
test_000808,0
test_000809,0
test_000810,4
test_000811,5
test_000812,9
test_000813,9
test_000814,3
test_000815,6
test_000816,4
test_000817,0
test_000818,7
test_000819,3
test_000820,4
test_000821,7
test_000822,2
test_000823,1
test_000824,5
test_000825,6
test_000826,6
test_000827,7
test_000828,8
test_000829,1
test_000830,8
test_000831,9
test_000832,4
test_000833,0
test_000834,6
test_000835,7
test_000836,8
test_000837,4
test_000838,1
test_000839,7
test_000840,3
test_000841,0
test_000842,3
test_000843,3
test_000844,2
test_000845,5
test_000846,4
test_000847,9
test_000848,3
test_000849,9
test_000850,2
test_000851,7
test_000852,8
test_000853,5
test_000854,8
test_000855,6
test_000856,6
test_000857,3
test_000858,9
test_000859,6
test_000860,6
test_000861,0
test_000862,7
test_000863,4
test_000864,8
test_000865,0
test_000866,9
test_000867,8
test_000868,8
test_000869,7
test_000870,2
test_000871,9
test_000872,5
test_000873,2
test_000874,4
test_000875,0
test_000876,9
test_000877,6
test_000878,9
test_000879,1
test_000880,9
test_000881,8
test_000882,8
test_000883,6
test_000884,2
test_000885,2
test_000886,8
test_000887,4
test_000888,9
test_000889,4
test_000890,0
test_000891,0
test_000892,7
test_000893,8
test_000894,6
test_000895,8
test_000896,7
test_000897,4
test_000898,9
test_000899,6
test_000900,5
test_000901,9
test_000902,2
test_000903,4
test_000904,9
test_000905,4
test_000906,5
test_000907,1
test_000908,9
test_000909,8
test_000910,3
test_000911,7
test_000912,7
test_000913,9
test_000914,7
test_000915,5
test_000916,1
test_000917,1
test_000918,9
test_000919,6
test_000920,1
test_000921,7
test_000922,2
test_000923,7
test_000924,8
test_000925,0
test_000926,4
test_000927,4
test_000928,6
test_000929,7
test_000930,7
test_000931,6
test_000932,6
test_000933,9
test_000934,4
test_000935,1
test_000936,5
test_000937,0
test_000938,9
test_000939,9
test_000940,7
test_000941,4
test_000942,7
test_000943,0
test_000944,0
test_000945,8
test_000946,3
test_000947,7
test_000948,5
test_000949,0
test_000950,5
test_000951,7
test_000952,3
test_000953,1
test_000954,7
test_000955,8
test_000956,0
test_000957,0
test_000958,8
test_000959,4
test_000960,9
test_000961,9
test_000962,0
test_000963,2
test_000964,7
test_000965,1
test_000966,9
test_000967,0
test_000968,5
test_000969,9
test_000970,6
test_000971,1
test_000972,5
test_000973,1
test_000974,9
test_000975,8
test_000976,5
test_000977,3
test_000978,4
test_000979,9
test_000980,4
test_000981,1
test_000982,5
test_000983,1
test_000984,1
test_000985,6
test_000986,3
test_000987,4
test_000988,6
test_000989,4
test_000990,1
test_000991,0
test_000992,4
test_000993,4
test_000994,4
test_000995,2
test_000996,7
test_000997,5
test_000998,2
test_000999,2
test_001000,3
test_001001,4
test_001002,4
test_001003,4
test_001004,1
test_001005,5
test_001006,1
test_001007,5
test_001008,5
test_001009,6
test_001010,9
test_001011,9
test_001012,7
test_001013,8
test_001014,7
test_001015,5
test_001016,8
test_001017,8
test_001018,8
test_001019,7
test_001020,5
test_001021,8
test_001022,5
test_001023,5
test_001024,8
test_001025,8
test_001026,8
test_001027,4
test_001028,0
test_001029,6
test_001030,5
test_001031,3
test_001032,7
test_001033,2
test_001034,7
test_001035,3
test_001036,1
test_001037,6
test_001038,0
test_001039,5
test_001040,3
test_001041,4
test_001042,9
test_001043,7
test_001044,9
test_001045,2
test_001046,6
test_001047,2
test_001048,1
test_001049,4
test_001050,3
test_001051,0
test_001052,8
test_001053,5
test_001054,5
test_001055,4
test_001056,2
test_001057,1
test_001058,8
test_001059,6
test_001060,3
test_001061,3
test_001062,7
test_001063,9
test_001064,2
test_001065,7
test_001066,2
test_001067,0
test_001068,0
test_001069,8
test_001070,2
test_001071,0
test_001072,8
test_001073,7
test_001074,2
test_001075,4
test_001076,7
test_001077,9
test_001078,9
test_001079,0
test_001080,3
test_001081,9
test_001082,2
test_001083,5
test_001084,1
test_001085,5
test_001086,5
test_001087,9
test_001088,7
test_001089,8
test_001090,6
test_001091,5
test_001092,6
test_001093,9
test_001094,3
test_001095,1
test_001096,0
test_001097,2
test_001098,7
test_001099,2
test_001100,3
test_001101,7
test_001102,9
test_001103,1
test_001104,8
test_001105,2
test_001106,9
test_001107,1
test_001108,6
test_001109,7
test_001110,6
test_001111,6
test_001112,0
test_001113,7
test_001114,1
test_001115,4
test_001116,3
test_001117,0
test_001118,8
test_001119,4
test_001120,6
test_001121,1
test_001122,2
test_001123,2
test_001124,5
test_001125,6
test_001126,8
test_001127,7
test_001128,1
test_001129,7
test_001130,9
test_001131,4
test_001132,6
test_001133,4
test_001134,4
test_001135,9
test_001136,0
test_001137,9
test_001138,4
test_001139,4
test_001140,9
test_001141,4
test_001142,1
test_001143,2
test_001144,2
test_001145,9
test_001146,9
test_001147,2
test_001148,5
test_001149,9
test_001150,5
test_001151,7
test_001152,3
test_001153,5
test_001154,2
test_001155,0
test_001156,5
test_001157,6
test_001158,4
test_001159,3
test_001160,9
test_001161,6
test_001162,4
test_001163,5
test_001164,6
test_001165,5
test_001166,8
test_001167,1
test_001168,4
test_001169,7
test_001170,7
test_001171,7
test_001172,9
test_001173,7
test_001174,3
test_001175,9
test_001176,4
test_001177,2
test_001178,9
test_001179,3
test_001180,8
test_001181,4
test_001182,2
test_001183,7
test_001184,8
test_001185,2
test_001186,0
test_001187,3
test_001188,6
test_001189,5
test_001190,0
test_001191,2
test_001192,5
test_001193,2
test_001194,8
test_001195,1
test_001196,0
test_001197,2
test_001198,2
test_001199,3
test_001200,7
test_001201,0
test_001202,9
test_001203,5
test_001204,1
test_001205,8
test_001206,5
test_001207,5
test_001208,6
test_001209,2
test_001210,4
test_001211,4
test_001212,4
test_001213,5
test_001214,4
test_001215,7
test_001216,8
test_001217,2
test_001218,7
test_001219,3
test_001220,3
test_001221,6
test_001222,9
test_001223,6
test_001224,8
test_001225,4
test_001226,8
test_001227,8
test_001228,9
test_001229,3
test_001230,2
test_001231,5
test_001232,7
test_001233,1
test_001234,9
test_001235,9
test_001236,0
test_001237,3
test_001238,7
test_001239,8
test_001240,0
test_001241,9
test_001242,4
test_001243,1
test_001244,8
test_001245,7
test_001246,0
test_001247,4
test_001248,6
test_001249,4
test_001250,0
test_001251,3
test_001252,7
test_001253,5
test_001254,3
test_001255,7
test_001256,9
test_001257,7
test_001258,5
test_001259,5
test_001260,3
test_001261,8
test_001262,0
test_001263,0
test_001264,7
test_001265,0
test_001266,0
test_001267,5
test_001268,6
test_001269,3
test_001270,5
test_001271,0
test_001272,1
test_001273,6
test_001274,0
test_001275,5
test_001276,5
test_001277,2
test_001278,4
test_001279,1
test_001280,5
test_001281,6
test_001282,7
test_001283,0
test_001284,5
test_001285,2
test_001286,8
test_001287,1
test_001288,1
test_001289,9
test_001290,6
test_001291,8
test_001292,8
test_001293,1
test_001294,1
test_001295,3
test_001296,5
test_001297,4
test_001298,4
test_001299,1
test_001300,3
test_001301,6
test_001302,6
test_001303,4
test_001304,4
test_001305,3
test_001306,3
test_001307,7
test_001308,0
test_001309,4
test_001310,3
test_001311,0
test_001312,4
test_001313,8
test_001314,4
test_001315,8
test_001316,8
test_001317,1
test_001318,8
test_001319,9
test_001320,2
test_001321,0
test_001322,9
test_001323,8
test_001324,7
test_001325,2
test_001326,0
test_001327,6
test_001328,5
test_001329,5
test_001330,4
test_001331,2
test_001332,4
test_001333,8
test_001334,3
test_001335,0
test_001336,0
test_001337,6
test_001338,0
test_001339,3
test_001340,7
test_001341,6
test_001342,2
test_001343,6
test_001344,4
test_001345,0
test_001346,1
test_001347,7
test_001348,7
test_001349,6
test_001350,1
test_001351,3
test_001352,2
test_001353,7
test_001354,6
test_001355,8
test_001356,6
test_001357,2
test_001358,6
test_001359,9
test_001360,3
test_001361,5
test_001362,9
test_001363,7
test_001364,4
test_001365,5
test_001366,8
test_001367,8
test_001368,8
test_001369,2
test_001370,5
test_001371,8
test_001372,6
test_001373,4
test_001374,3
test_001375,8
test_001376,0
test_001377,1
test_001378,3
test_001379,3
test_001380,6
test_001381,2
test_001382,5
test_001383,9
test_001384,1
test_001385,6
test_001386,3
test_001387,8
test_001388,2
test_001389,3
test_001390,6
test_001391,9
test_001392,2
test_001393,0
test_001394,6
test_001395,9
test_001396,8
test_001397,8
test_001398,9
test_001399,1
test_001400,1
test_001401,0
test_001402,5
test_001403,8
test_001404,2
test_001405,4
test_001406,4
test_001407,7
test_001408,0
test_001409,5
test_001410,5
test_001411,3
test_001412,8
test_001413,8
test_001414,0
test_001415,9
test_001416,0
test_001417,7
test_001418,7
test_001419,6
test_001420,5
test_001421,9
test_001422,8
test_001423,9
test_001424,6
test_001425,1
test_001426,0
test_001427,9
test_001428,9
test_001429,2
test_001430,2
test_001431,6
test_001432,0
test_001433,8
test_001434,7
test_001435,5
test_001436,8
test_001437,7
test_001438,3
test_001439,8
test_001440,4
test_001441,7
test_001442,6
test_001443,9
test_001444,4
test_001445,5
test_001446,4
test_001447,7
test_001448,1
test_001449,8
test_001450,7
test_001451,0
test_001452,3
test_001453,0
test_001454,9
test_001455,1
test_001456,9
test_001457,2
test_001458,1
test_001459,7
test_001460,0
test_001461,8
test_001462,6
test_001463,4
test_001464,4
test_001465,9
test_001466,1
test_001467,7
test_001468,1
test_001469,2
test_001470,0
test_001471,4
test_001472,6
test_001473,0
test_001474,9
test_001475,1
test_001476,4
test_001477,0
test_001478,5
test_001479,1
test_001480,3
test_001481,5
test_001482,3
test_001483,1
test_001484,2
test_001485,0
test_001486,2
test_001487,6
test_001488,5
test_001489,4
test_001490,7
test_001491,0
test_001492,2
test_001493,8
test_001494,4
test_001495,4
test_001496,5
test_001497,7
test_001498,7
test_001499,1
test_001500,7
test_001501,7
test_001502,5
test_001503,2
test_001504,6
test_001505,7
test_001506,3
test_001507,3
test_001508,7
test_001509,7
test_001510,4
test_001511,9
test_001512,5
test_001513,1
test_001514,6
test_001515,8
test_001516,8
test_001517,1
test_001518,8
test_001519,8
test_001520,2
test_001521,4
test_001522,2
test_001523,3
test_001524,6
test_001525,9
test_001526,3
test_001527,9
test_001528,6
test_001529,7
test_001530,6
test_001531,4
test_001532,3
test_001533,9
test_001534,8
test_001535,1
test_001536,1
test_001537,6
test_001538,9
test_001539,2
test_001540,8
test_001541,8
test_001542,0
test_001543,1
test_001544,2
test_001545,7
test_001546,1
test_001547,0
test_001548,6
test_001549,0
test_001550,5
test_001551,3
test_001552,3
test_001553,2
test_001554,9
test_001555,8
test_001556,2
test_001557,3
test_001558,1
test_001559,5
test_001560,4
test_001561,1
test_001562,0
test_001563,4
test_001564,7
test_001565,5
test_001566,5
test_001567,5
test_001568,1
test_001569,5
test_001570,8
test_001571,6
test_001572,7
test_001573,8
test_001574,1
test_001575,9
test_001576,2
test_001577,2
test_001578,5
test_001579,4
test_001580,9
test_001581,7
test_001582,4
test_001583,3
test_001584,0
test_001585,5
test_001586,1
test_001587,6
test_001588,9
test_001589,7
test_001590,6
test_001591,6
test_001592,3
test_001593,2
test_001594,0
test_001595,0
test_001596,7
test_001597,5
test_001598,5
test_001599,5
test_001600,0
test_001601,0
test_001602,1
test_001603,2
test_001604,9
test_001605,0
test_001606,8
test_001607,4
test_001608,3
test_001609,5
test_001610,4
test_001611,1
test_001612,8
test_001613,3
test_001614,2
test_001615,8
test_001616,5
test_001617,9
test_001618,4
test_001619,4
test_001620,1
test_001621,0
test_001622,5
test_001623,2
test_001624,7
test_001625,5
test_001626,9
test_001627,2
test_001628,6
test_001629,0
test_001630,9
test_001631,4
test_001632,1
test_001633,8
test_001634,0
test_001635,7
test_001636,0
test_001637,5
test_001638,3
test_001639,4
test_001640,0
test_001641,6
test_001642,6
test_001643,5
test_001644,3
test_001645,5
test_001646,2
test_001647,2
test_001648,1
test_001649,2
test_001650,2
test_001651,2
test_001652,6
test_001653,7
test_001654,4
test_001655,0
test_001656,9
test_001657,8
test_001658,3
test_001659,0
test_001660,3
test_001661,8
test_001662,9
test_001663,7
test_001664,6
test_001665,9
test_001666,9
test_001667,1
test_001668,8
test_001669,3
test_001670,2
test_001671,0
test_001672,1
test_001673,6
test_001674,3
test_001675,6
test_001676,8
test_001677,8
test_001678,2
test_001679,7
test_001680,9
test_001681,1
test_001682,4
test_001683,0
test_001684,8
test_001685,5
test_001686,1
test_001687,5
test_001688,4
test_001689,7
test_001690,1
test_001691,1
test_001692,2
test_001693,7
test_001694,4
test_001695,0
test_001696,7
test_001697,3
test_001698,8
test_001699,4
test_001700,5
test_001701,1
test_001702,2
test_001703,1
test_001704,0
test_001705,8
test_001706,2
test_001707,1
test_001708,3
test_001709,1
test_001710,3
test_001711,1
test_001712,2
test_001713,6
test_001714,3
test_001715,2
test_001716,4
test_001717,2
test_001718,1
test_001719,7
test_001720,0
test_001721,2
test_001722,8
test_001723,3
test_001724,7
test_001725,5
test_001726,0
test_001727,1
test_001728,6
test_001729,2
test_001730,3
test_001731,3
test_001732,5
test_001733,0
test_001734,5
test_001735,1
test_001736,5
test_001737,6
test_001738,5
test_001739,9
test_001740,2
test_001741,4
test_001742,7
test_001743,1
test_001744,6
test_001745,4
test_001746,8
test_001747,5
test_001748,3
test_001749,3
test_001750,6
test_001751,2
test_001752,5
test_001753,4
test_001754,3
test_001755,5
test_001756,5
test_001757,7
test_001758,1
test_001759,9
test_001760,3
test_001761,5
test_001762,6
test_001763,0
test_001764,0
test_001765,0
test_001766,2
test_001767,0
test_001768,8
test_001769,6
test_001770,5
test_001771,3
test_001772,1
test_001773,4
test_001774,4
test_001775,3
test_001776,7
test_001777,4
test_001778,4
test_001779,4
test_001780,2
test_001781,5
test_001782,1
test_001783,7
test_001784,2
test_001785,8
test_001786,1
test_001787,7
test_001788,4
test_001789,6
test_001790,2
test_001791,6
test_001792,5
test_001793,7
test_001794,5
test_001795,2
test_001796,2
test_001797,5
test_001798,4
test_001799,5
test_001800,4
test_001801,5
test_001802,3
test_001803,8
test_001804,2
test_001805,5
test_001806,4
test_001807,5
test_001808,3
test_001809,4
test_001810,5
test_001811,2
test_001812,8
test_001813,8
test_001814,8
test_001815,4
test_001816,5
test_001817,7
test_001818,6
test_001819,1
test_001820,8
test_001821,4
test_001822,3
test_001823,2
test_001824,3
test_001825,2
test_001826,9
test_001827,9
test_001828,0
test_001829,5
test_001830,8
test_001831,8
test_001832,3
test_001833,2
test_001834,2
test_001835,6
test_001836,0
test_001837,4
test_001838,0
test_001839,0
test_001840,9
test_001841,5
test_001842,2
test_001843,6
test_001844,5
test_001845,8
test_001846,1
test_001847,4
test_001848,3
test_001849,9
test_001850,1
test_001851,7
test_001852,8
test_001853,9
test_001854,9
test_001855,1
test_001856,1
test_001857,8
test_001858,3
test_001859,4
test_001860,3
test_001861,8
test_001862,9
test_001863,1
test_001864,8
test_001865,7
test_001866,7
test_001867,3
test_001868,0
test_001869,0
test_001870,8
test_001871,9
test_001872,8
test_001873,2
test_001874,6
test_001875,4
test_001876,7
test_001877,3
test_001878,7
test_001879,3
test_001880,2
test_001881,4
test_001882,6
test_001883,4
test_001884,5
test_001885,1
test_001886,0
test_001887,3
test_001888,3
test_001889,8
test_001890,5
test_001891,7
test_001892,3
test_001893,1
test_001894,0
test_001895,3
test_001896,9
test_001897,7
test_001898,0
test_001899,2
test_001900,5
test_001901,1
test_001902,1
test_001903,8
test_001904,9
test_001905,8
test_001906,6
test_001907,2
test_001908,6
test_001909,4
test_001910,8
test_001911,5
test_001912,9
test_001913,0
test_001914,1
test_001915,5
test_001916,6
test_001917,7
test_001918,9
test_001919,5
test_001920,9
test_001921,0
test_001922,9
test_001923,1
test_001924,6
test_001925,3
test_001926,0
test_001927,1
test_001928,5
test_001929,3
test_001930,4
test_001931,3
test_001932,5
test_001933,7
test_001934,2
test_001935,5
test_001936,8
test_001937,3
test_001938,5
test_001939,4
test_001940,1
test_001941,2
test_001942,2
test_001943,8
test_001944,4
test_001945,8
test_001946,4
test_001947,8
test_001948,3
test_001949,7
test_001950,1
test_001951,5
test_001952,2
test_001953,2
test_001954,8
test_001955,1
test_001956,9
test_001957,5
test_001958,5
test_001959,4
test_001960,4
test_001961,2
test_001962,9
test_001963,6
test_001964,3
test_001965,6
test_001966,5
test_001967,2
test_001968,4
test_001969,4
test_001970,2
test_001971,5
test_001972,1
test_001973,4
test_001974,3
test_001975,0
test_001976,8
test_001977,5
test_001978,7
test_001979,8
test_001980,3
test_001981,3
test_001982,6
test_001983,3
test_001984,0
test_001985,2
test_001986,3
test_001987,1
test_001988,7
test_001989,7
test_001990,2
test_001991,9
test_001992,0
test_001993,2
test_001994,2
test_001995,0
test_001996,9
test_001997,2
test_001998,4
test_001999,9
test_002000,1
test_002001,4
test_002002,9
test_002003,0
test_002004,1
test_002005,3
test_002006,1
test_002007,7
test_002008,7
test_002009,4
test_002010,6
test_002011,9
test_002012,8
test_002013,2
test_002014,9
test_002015,5
test_002016,3
test_002017,7
test_002018,3
test_002019,8
test_002020,7
test_002021,5
test_002022,5
test_002023,5
test_002024,1
test_002025,1
test_002026,5
test_002027,4
test_002028,5
test_002029,9
test_002030,2
test_002031,0
test_002032,4
test_002033,4
test_002034,1
test_002035,0
test_002036,5
test_002037,4
test_002038,0
test_002039,3
test_002040,7
test_002041,0
test_002042,1
test_002043,1
test_002044,4
test_002045,1
test_002046,3
test_002047,5
test_002048,2
test_002049,3
test_002050,0
test_002051,1
test_002052,2
test_002053,8
test_002054,1
test_002055,8
test_002056,7
test_002057,4
test_002058,9
test_002059,1
test_002060,7
test_002061,6
test_002062,8
test_002063,0
test_002064,6
test_002065,5
test_002066,2
test_002067,2
test_002068,3
test_002069,1
test_002070,8
test_002071,3
test_002072,1
test_002073,8
test_002074,9
test_002075,7
test_002076,0
test_002077,1
test_002078,2
test_002079,3
test_002080,4
test_002081,7
test_002082,6
test_002083,8
test_002084,3
test_002085,9
test_002086,0
test_002087,8
test_002088,1
test_002089,8
test_002090,7
test_002091,3
test_002092,3
test_002093,2
test_002094,5
test_002095,5
test_002096,8
test_002097,5
test_002098,5
test_002099,4
test_002100,8
test_002101,9
test_002102,2
test_002103,1
test_002104,9
test_002105,2
test_002106,3
test_002107,9
test_002108,0
test_002109,7
test_002110,3
test_002111,3
test_002112,2
test_002113,5
test_002114,9
test_002115,6
test_002116,8
test_002117,4
test_002118,1
test_002119,4
test_002120,1
test_002121,6
test_002122,6
test_002123,8
test_002124,5
test_002125,4
test_002126,3
test_002127,6
test_002128,0
test_002129,9
test_002130,2
test_002131,3
test_002132,1
test_002133,2
test_002134,7
test_002135,4
test_002136,3
test_002137,8
test_002138,4
test_002139,1
test_002140,1
test_002141,3
test_002142,1
test_002143,5
test_002144,1
test_002145,7
test_002146,7
test_002147,5
test_002148,4
test_002149,2
test_002150,5
test_002151,4
test_002152,4
test_002153,4
test_002154,2
test_002155,5
test_002156,6
test_002157,8
test_002158,6
test_002159,1
test_002160,3
test_002161,3
test_002162,7
test_002163,3
test_002164,8
test_002165,1
test_002166,4
test_002167,6
test_002168,9
test_002169,6
test_002170,5
test_002171,4
test_002172,9
test_002173,7
test_002174,4
test_002175,6
test_002176,4
test_002177,5
test_002178,5
test_002179,4
test_002180,6
test_002181,0
test_002182,7
test_002183,2
test_002184,8
test_002185,1
test_002186,9
test_002187,2
test_002188,3
test_002189,9
test_002190,5
test_002191,4
test_002192,3
test_002193,7
test_002194,6
test_002195,5
test_002196,4
test_002197,0
test_002198,8
test_002199,8
test_002200,7
test_002201,7
test_002202,1
test_002203,9
test_002204,5
test_002205,7
test_002206,0
test_002207,5
test_002208,0
test_002209,5
test_002210,1
test_002211,9
test_002212,2
test_002213,0
test_002214,7
test_002215,5
test_002216,5
test_002217,8
test_002218,3
test_002219,3
test_002220,7
test_002221,3
test_002222,6
test_002223,9
test_002224,5
test_002225,3
test_002226,7
test_002227,9
test_002228,8
test_002229,6
test_002230,6
test_002231,5
test_002232,0
test_002233,8
test_002234,7
test_002235,6
test_002236,6
test_002237,8
test_002238,6
test_002239,3
test_002240,5
test_002241,7
test_002242,2
test_002243,3
test_002244,2
test_002245,3
test_002246,5
test_002247,5
test_002248,7
test_002249,7
test_002250,4
test_002251,4
test_002252,8
test_002253,4
test_002254,1
test_002255,1
test_002256,8
test_002257,7
test_002258,1
test_002259,9
test_002260,4
test_002261,3
test_002262,5
test_002263,3
test_002264,1
test_002265,8
test_002266,8
test_002267,8
test_002268,8
test_002269,4
test_002270,5
test_002271,9
test_002272,9
test_002273,4
test_002274,8
test_002275,0
test_002276,1
test_002277,2
test_002278,2
test_002279,0
test_002280,9
test_002281,8
test_002282,5
test_002283,3
test_002284,9
test_002285,8
test_002286,1
test_002287,3
test_002288,5
test_002289,9
test_002290,5
test_002291,1
test_002292,3
test_002293,6
test_002294,7
test_002295,5
test_002296,2
test_002297,5
test_002298,6
test_002299,4
test_002300,0
test_002301,3
test_002302,2
test_002303,4
test_002304,1
test_002305,1
test_002306,2
test_002307,9
test_002308,1
test_002309,1
test_002310,7
test_002311,8
test_002312,6
test_002313,0
test_002314,4
test_002315,8
test_002316,9
test_002317,8
test_002318,1
test_002319,4
test_002320,5
test_002321,9
test_002322,5
test_002323,2
test_002324,5
test_002325,1
test_002326,0
test_002327,3
test_002328,2
test_002329,2
test_002330,9
test_002331,3
test_002332,1
test_002333,7
test_002334,4
test_002335,9
test_002336,9
test_002337,9
test_002338,4
test_002339,6
test_002340,1
test_002341,0
test_002342,2
test_002343,9
test_002344,3
test_002345,3
test_002346,0
test_002347,8
test_002348,9
test_002349,3
test_002350,9
test_002351,9
test_002352,3
test_002353,6
test_002354,9
test_002355,1
test_002356,1
test_002357,9
test_002358,0
test_002359,8
test_002360,1
test_002361,8
test_002362,7
test_002363,7
test_002364,8
test_002365,2
test_002366,7
test_002367,5
test_002368,6
test_002369,1
test_002370,0
test_002371,2
test_002372,2
test_002373,6
test_002374,1
test_002375,4
test_002376,2
test_002377,1
test_002378,7
test_002379,1
test_002380,1
test_002381,9
test_002382,3
test_002383,4
test_002384,4
test_002385,4
test_002386,5
test_002387,9
test_002388,5
test_002389,1
test_002390,8
test_002391,0
test_002392,4
test_002393,8
test_002394,2
test_002395,3
test_002396,6
test_002397,5
test_002398,8
test_002399,3
test_002400,6
test_002401,1
test_002402,5
test_002403,2
test_002404,4
test_002405,8
test_002406,3
test_002407,5
test_002408,5
test_002409,2
test_002410,3
test_002411,8
test_002412,5
test_002413,9
test_002414,6
test_002415,2
test_002416,6
test_002417,3
test_002418,2
test_002419,7
test_002420,2
test_002421,4
test_002422,5
test_002423,9
test_002424,0
test_002425,1
test_002426,4
test_002427,8
test_002428,0
test_002429,8
test_002430,2
test_002431,5
test_002432,1
test_002433,0
test_002434,7
test_002435,9
test_002436,2
test_002437,0
test_002438,8
test_002439,7
test_002440,3
test_002441,4
test_002442,2
test_002443,4
test_002444,6
test_002445,6
test_002446,8
test_002447,1
test_002448,1
test_002449,5
test_002450,9
test_002451,4
test_002452,2
test_002453,7
test_002454,3
test_002455,4
test_002456,1
test_002457,4
test_002458,6
test_002459,4
test_002460,2
test_002461,9
test_002462,9
test_002463,3
test_002464,1
test_002465,0
test_002466,9
test_002467,2
test_002468,3
test_002469,8
test_002470,0
test_002471,9
test_002472,4
test_002473,9
test_002474,0
test_002475,5
test_002476,0
test_002477,7
test_002478,7
test_002479,1
test_002480,4
test_002481,4
test_002482,3
test_002483,1
test_002484,1
test_002485,7
test_002486,1
test_002487,6
test_002488,6
test_002489,6
test_002490,8
test_002491,2
test_002492,1
test_002493,1
test_002494,8
test_002495,7
test_002496,1
test_002497,1
test_002498,0
test_002499,7
test_002500,8
test_002501,6
test_002502,9
test_002503,3
test_002504,1
test_002505,4
test_002506,1
test_002507,3
test_002508,0
test_002509,5
test_002510,6
test_002511,1
test_002512,5
test_002513,4
test_002514,2
test_002515,9
test_002516,0
test_002517,1
test_002518,5
test_002519,7
test_002520,1
test_002521,1
test_002522,6
test_002523,6
test_002524,8
test_002525,7
test_002526,9
test_002527,8
test_002528,2
test_002529,3
test_002530,1
test_002531,3
test_002532,5
test_002533,1
test_002534,9
test_002535,3
test_002536,0
test_002537,0
test_002538,6
test_002539,5
test_002540,6
test_002541,1
test_002542,4
test_002543,1
test_002544,3
test_002545,6
test_002546,3
test_002547,8
test_002548,2
test_002549,7
test_002550,4
test_002551,8
test_002552,7
test_002553,2
test_002554,5
test_002555,5
test_002556,7
test_002557,5
test_002558,2
test_002559,6
test_002560,9
test_002561,7
test_002562,4
test_002563,0
test_002564,7
test_002565,7
test_002566,7
test_002567,6
test_002568,5
test_002569,8
test_002570,3
test_002571,7
test_002572,6
test_002573,1
test_002574,3
test_002575,7
test_002576,1
test_002577,0
test_002578,2
test_002579,8
test_002580,9
test_002581,2
test_002582,7
test_002583,6
test_002584,1
test_002585,8
test_002586,0
test_002587,3
test_002588,4
test_002589,7
test_002590,2
test_002591,7
test_002592,8
test_002593,0
test_002594,9
test_002595,4
test_002596,6
test_002597,6
test_002598,9
test_002599,1
test_002600,7
test_002601,8
test_002602,5
test_002603,3
test_002604,1
test_002605,7
test_002606,4
test_002607,7
test_002608,1
test_002609,3
test_002610,7
test_002611,9
test_002612,5
test_002613,5
test_002614,0
test_002615,7
test_002616,8
test_002617,2
test_002618,0
test_002619,6
test_002620,2
test_002621,1
test_002622,9
test_002623,5
test_002624,1
test_002625,6
test_002626,2
test_002627,6
test_002628,9
test_002629,3
test_002630,1
test_002631,2
test_002632,0
test_002633,3
test_002634,1
test_002635,0
test_002636,0
test_002637,2
test_002638,9
test_002639,2
test_002640,0
test_002641,9
test_002642,9
test_002643,9
test_002644,2
test_002645,5
test_002646,4
test_002647,3
test_002648,2
test_002649,6
test_002650,3
test_002651,1
test_002652,5
test_002653,7
test_002654,0
test_002655,7
test_002656,5
test_002657,7
test_002658,7
test_002659,6
test_002660,0
test_002661,2
test_002662,8
test_002663,9
test_002664,8
test_002665,9
test_002666,7
test_002667,1
test_002668,4
test_002669,1
test_002670,1
test_002671,5
test_002672,7
test_002673,7
test_002674,5
test_002675,2
test_002676,3
test_002677,1
test_002678,7
test_002679,5
test_002680,0
test_002681,0
test_002682,2
test_002683,7
test_002684,6
test_002685,0
test_002686,7
test_002687,3
test_002688,7
test_002689,8
test_002690,5
test_002691,4
test_002692,7
test_002693,0
test_002694,5
test_002695,7
test_002696,0
test_002697,8
test_002698,2
test_002699,3
test_002700,3
test_002701,4
test_002702,2
test_002703,1
test_002704,2
test_002705,0
test_002706,9
test_002707,0
test_002708,6
test_002709,4
test_002710,8
test_002711,7
test_002712,7
test_002713,1
test_002714,0
test_002715,2
test_002716,9
test_002717,4
test_002718,9
test_002719,9
test_002720,5
test_002721,1
test_002722,1
test_002723,1
test_002724,5
test_002725,3
test_002726,0
test_002727,9
test_002728,8
test_002729,0
test_002730,2
test_002731,1
test_002732,8
test_002733,6
test_002734,1
test_002735,7
test_002736,9
test_002737,6
test_002738,1
test_002739,1
test_002740,2
test_002741,9
test_002742,6
test_002743,6
test_002744,9
test_002745,2
test_002746,6
test_002747,4
test_002748,1
test_002749,4
test_002750,3
test_002751,0
test_002752,4
test_002753,8
test_002754,4
test_002755,5
test_002756,9
test_002757,1
test_002758,1
test_002759,5
test_002760,0
test_002761,3
test_002762,7
test_002763,8
test_002764,2
test_002765,7
test_002766,0
test_002767,1
test_002768,2
test_002769,2
test_002770,2
test_002771,1
test_002772,5
test_002773,6
test_002774,9
test_002775,6
test_002776,3
test_002777,3
test_002778,8
test_002779,5
test_002780,4
test_002781,1
test_002782,5
test_002783,1
test_002784,0
test_002785,5
test_002786,6
test_002787,0
test_002788,3
test_002789,7
test_002790,7
test_002791,9
test_002792,7
test_002793,3
test_002794,3
test_002795,2
test_002796,2
test_002797,6
test_002798,2
test_002799,8
test_002800,4
test_002801,9
test_002802,8
test_002803,5
test_002804,0
test_002805,9
test_002806,5
test_002807,2
test_002808,8
test_002809,0
test_002810,5
test_002811,8
test_002812,5
test_002813,1
test_002814,9
test_002815,3
test_002816,2
test_002817,7
test_002818,9
test_002819,8
test_002820,2
test_002821,5
test_002822,3
test_002823,8
test_002824,9
test_002825,0
test_002826,5
test_002827,6
test_002828,0
test_002829,1
test_002830,7
test_002831,1
test_002832,2
test_002833,9
test_002834,9
test_002835,8
test_002836,2
test_002837,6
test_002838,8
test_002839,7
test_002840,9
test_002841,7
test_002842,1
test_002843,3
test_002844,6
test_002845,8
test_002846,1
test_002847,7
test_002848,7
test_002849,2
test_002850,0
test_002851,7
test_002852,4
test_002853,3
test_002854,8
test_002855,8
test_002856,9
test_002857,7
test_002858,2
test_002859,3
test_002860,6
test_002861,9
test_002862,0
test_002863,6
test_002864,7
test_002865,0
test_002866,2
test_002867,4
test_002868,7
test_002869,0
test_002870,5
test_002871,3
test_002872,8
test_002873,4
test_002874,2
test_002875,8
test_002876,2
test_002877,4
test_002878,7
test_002879,0
test_002880,2
test_002881,1
test_002882,3
test_002883,2
test_002884,2
test_002885,7
test_002886,3
test_002887,7
test_002888,0
test_002889,6
test_002890,5
test_002891,4
test_002892,9
test_002893,2
test_002894,3
test_002895,3
test_002896,5
test_002897,1
test_002898,7
test_002899,8
test_002900,7
test_002901,4
test_002902,4
test_002903,1
test_002904,1
test_002905,7
test_002906,1
test_002907,4
test_002908,1
test_002909,5
test_002910,8
test_002911,9
test_002912,5
test_002913,6
test_002914,9
test_002915,7
test_002916,8
test_002917,5
test_002918,3
test_002919,5
test_002920,1
test_002921,9
test_002922,3
test_002923,5
test_002924,7
test_002925,0
test_002926,7
test_002927,3
test_002928,8
test_002929,5
test_002930,0
test_002931,1
test_002932,2
test_002933,5
test_002934,2
test_002935,7
test_002936,1
test_002937,0
test_002938,9
test_002939,4
test_002940,1
test_002941,6
test_002942,3
test_002943,1
test_002944,0
test_002945,5
test_002946,0
test_002947,6
test_002948,1
test_002949,9
test_002950,4
test_002951,1
test_002952,6
test_002953,7
test_002954,4
test_002955,7
test_002956,8
test_002957,6
test_002958,4
test_002959,2
test_002960,3
test_002961,1
test_002962,0
test_002963,5
test_002964,1
test_002965,1
test_002966,2
test_002967,5
test_002968,3
test_002969,1
test_002970,1
test_002971,7
test_002972,7
test_002973,0
test_002974,6
test_002975,8
test_002976,9
test_002977,0
test_002978,0
test_002979,4
test_002980,4
test_002981,1
test_002982,9
test_002983,3
test_002984,4
test_002985,4
test_002986,0
test_002987,1
test_002988,0
test_002989,4
test_002990,4
test_002991,2
test_002992,0
test_002993,5
test_002994,2
test_002995,6
test_002996,3
test_002997,2
test_002998,4
test_002999,7
test_003000,7
test_003001,7
test_003002,0
test_003003,8
test_003004,8
test_003005,1
test_003006,4
test_003007,6
test_003008,7
test_003009,9
test_003010,6
test_003011,9
test_003012,2
test_003013,0
test_003014,4
test_003015,2
test_003016,6
test_003017,1
test_003018,8
test_003019,6
test_003020,3
test_003021,2
test_003022,6
test_003023,3
test_003024,0
test_003025,4
test_003026,6
test_003027,2
test_003028,6
test_003029,3
test_003030,7
test_003031,1
test_003032,0
test_003033,8
test_003034,4
test_003035,5
test_003036,6
test_003037,9
test_003038,8
test_003039,5
test_003040,7
test_003041,9
test_003042,6
test_003043,5
test_003044,1
test_003045,1
test_003046,2
test_003047,4
test_003048,9
test_003049,3
test_003050,0
test_003051,3
test_003052,5
test_003053,8
test_003054,1
test_003055,1
test_003056,0
test_003057,3
test_003058,0
test_003059,6
test_003060,9
test_003061,0
test_003062,8
test_003063,2
test_003064,4
test_003065,8
test_003066,7
test_003067,7
test_003068,5
test_003069,2
test_003070,2
test_003071,2
test_003072,0
test_003073,0
test_003074,2
test_003075,2
test_003076,2
test_003077,0
test_003078,7
test_003079,5
test_003080,8
test_003081,6
test_003082,8
test_003083,2
test_003084,0
test_003085,3
test_003086,7
test_003087,6
test_003088,3
test_003089,2
test_003090,3
test_003091,1
test_003092,3
test_003093,0
test_003094,5
test_003095,2
test_003096,0
test_003097,2
test_003098,1
test_003099,6
test_003100,1
test_003101,5
test_003102,9
test_003103,2
test_003104,3
test_003105,7
test_003106,8
test_003107,8
test_003108,6
test_003109,1
test_003110,2
test_003111,0
test_003112,1
test_003113,3
test_003114,7
test_003115,9
test_003116,4
test_003117,3
test_003118,7
test_003119,6
test_003120,5
test_003121,8
test_003122,7
test_003123,1
test_003124,7
test_003125,3
test_003126,7
test_003127,4
test_003128,5
test_003129,5
test_003130,5
test_003131,4
test_003132,6
test_003133,5
test_003134,2
test_003135,9
test_003136,2
test_003137,0
test_003138,3
test_003139,5
test_003140,4
test_003141,8
test_003142,1
test_003143,3
test_003144,5
test_003145,4
test_003146,6
test_003147,2
test_003148,2
test_003149,7
test_003150,6
test_003151,0
test_003152,3
test_003153,8
test_003154,3
test_003155,2
test_003156,0
test_003157,5
test_003158,2
test_003159,3
test_003160,9
test_003161,7
test_003162,5
test_003163,4
test_003164,8
test_003165,0
test_003166,3
test_003167,5
test_003168,7
test_003169,1
test_003170,0
test_003171,8
test_003172,3
test_003173,9
test_003174,1
test_003175,5
test_003176,4
test_003177,9
test_003178,4
test_003179,3
test_003180,8
test_003181,8
test_003182,3
test_003183,8
test_003184,4
test_003185,6
test_003186,8
test_003187,1
test_003188,3
test_003189,0
test_003190,7
test_003191,8
test_003192,2
test_003193,4
test_003194,3
test_003195,3
test_003196,7
test_003197,5
test_003198,9
test_003199,1
test_003200,1
test_003201,8
test_003202,8
test_003203,6
test_003204,0
test_003205,2
test_003206,4
test_003207,0
test_003208,8
test_003209,1
test_003210,9
test_003211,4
test_003212,4
test_003213,6
test_003214,3
test_003215,6
test_003216,7
test_003217,7
test_003218,6
test_003219,6
test_003220,8
test_003221,8
test_003222,6
test_003223,1
test_003224,8
test_003225,5
test_003226,2
test_003227,2
test_003228,0
test_003229,2
test_003230,5
test_003231,7
test_003232,3
test_003233,6
test_003234,9
test_003235,7
test_003236,2
test_003237,9
test_003238,6
test_003239,8
test_003240,9
test_003241,1
test_003242,2
test_003243,0
test_003244,5
test_003245,9
test_003246,2
test_003247,3
test_003248,3
test_003249,3
test_003250,4
test_003251,2
test_003252,0
test_003253,7
test_003254,2
test_003255,2
test_003256,5
test_003257,9
test_003258,4
test_003259,0
test_003260,1
test_003261,3
test_003262,3
test_003263,6
test_003264,3
test_003265,5
test_003266,8
test_003267,9
test_003268,1
test_003269,2
test_003270,2
test_003271,1
test_003272,6
test_003273,9
test_003274,8
test_003275,6
test_003276,0
test_003277,9
test_003278,9
test_003279,6
test_003280,2
test_003281,9
test_003282,2
test_003283,8
test_003284,0
test_003285,2
test_003286,7
test_003287,1
test_003288,0
test_003289,4
test_003290,4
test_003291,2
test_003292,4
test_003293,8
test_003294,1
test_003295,7
test_003296,4
test_003297,1
test_003298,8
test_003299,9
test_003300,1
test_003301,1
test_003302,9
test_003303,6
test_003304,0
test_003305,0
test_003306,7
test_003307,0
test_003308,2
test_003309,7
test_003310,2
test_003311,5
test_003312,8
test_003313,7
test_003314,1
test_003315,8
test_003316,8
test_003317,5
test_003318,5
test_003319,6
test_003320,5
test_003321,8
test_003322,7
test_003323,3
test_003324,0
test_003325,4
test_003326,1
test_003327,8
test_003328,5
test_003329,2
test_003330,4
test_003331,1
test_003332,0
test_003333,2
test_003334,3
test_003335,6
test_003336,9
test_003337,5
test_003338,2
test_003339,8
test_003340,4
test_003341,7
test_003342,2
test_003343,3
test_003344,7
test_003345,3
test_003346,8
test_003347,5
test_003348,4
test_003349,1
test_003350,4
test_003351,7
test_003352,2
test_003353,9
test_003354,5
test_003355,5
test_003356,0
test_003357,3
test_003358,0
test_003359,9
test_003360,3
test_003361,2
test_003362,2
test_003363,9
test_003364,1
test_003365,4
test_003366,6
test_003367,2
test_003368,4
test_003369,7
test_003370,5
test_003371,8
test_003372,0
test_003373,6
test_003374,1
test_003375,2
test_003376,0
test_003377,4
test_003378,5
test_003379,8
test_003380,0
test_003381,9
test_003382,3
test_003383,5
test_003384,1
test_003385,3
test_003386,7
test_003387,3
test_003388,8
test_003389,0
test_003390,3
test_003391,1
test_003392,2
test_003393,4
test_003394,3
test_003395,7
test_003396,5
test_003397,0
test_003398,8
test_003399,7
test_003400,7
test_003401,9
test_003402,7
test_003403,3
test_003404,5
test_003405,5
test_003406,1
test_003407,5
test_003408,9
test_003409,7
test_003410,8
test_003411,1
test_003412,8
test_003413,1
test_003414,7
test_003415,3
test_003416,9
test_003417,1
test_003418,2
test_003419,7
test_003420,6
test_003421,3
test_003422,3
test_003423,9
test_003424,0
test_003425,4
test_003426,2
test_003427,5
test_003428,1
test_003429,9
test_003430,8
test_003431,2
test_003432,0
test_003433,7
test_003434,7
test_003435,7
test_003436,2
test_003437,1
test_003438,3
test_003439,7
test_003440,4
test_003441,2
test_003442,1
test_003443,9
test_003444,5
test_003445,7
test_003446,9
test_003447,6
test_003448,8
test_003449,9
test_003450,8
test_003451,8
test_003452,4
test_003453,9
test_003454,0
test_003455,4
test_003456,3
test_003457,3
test_003458,3
test_003459,4
test_003460,4
test_003461,9
test_003462,6
test_003463,5
test_003464,1
test_003465,3
test_003466,8
test_003467,7
test_003468,7
test_003469,9
test_003470,1
test_003471,3
test_003472,4
test_003473,8
test_003474,8
test_003475,0
test_003476,9
test_003477,7
test_003478,6
test_003479,9
test_003480,6
test_003481,6
test_003482,6
test_003483,2
test_003484,5
test_003485,6
test_003486,1
test_003487,2
test_003488,5
test_003489,5
test_003490,8
test_003491,0
test_003492,7
test_003493,6
test_003494,8
test_003495,7
test_003496,5
test_003497,0
test_003498,0
test_003499,9
test_003500,8
test_003501,4
test_003502,1
test_003503,8
test_003504,0
test_003505,7
test_003506,0
test_003507,1
test_003508,3
test_003509,8
test_003510,3
test_003511,7
test_003512,7
test_003513,2
test_003514,5
test_003515,5
test_003516,1
test_003517,2
test_003518,2
test_003519,6
test_003520,5
test_003521,7
test_003522,1
test_003523,3
test_003524,2
test_003525,4
test_003526,5
test_003527,4
test_003528,3
test_003529,9
test_003530,1
test_003531,5
test_003532,3
test_003533,4
test_003534,7
test_003535,9
test_003536,3
test_003537,7
test_003538,2
test_003539,2
test_003540,0
test_003541,7
test_003542,8
test_003543,3
test_003544,1
test_003545,8
test_003546,4
test_003547,9
test_003548,0
test_003549,9
test_003550,3
test_003551,8
test_003552,9
test_003553,9
test_003554,6
test_003555,2
test_003556,8
test_003557,9
test_003558,8
test_003559,2
test_003560,5
test_003561,7
test_003562,4
test_003563,0
test_003564,3
test_003565,9
test_003566,2
test_003567,6
test_003568,4
test_003569,1
test_003570,2
test_003571,5
test_003572,3
test_003573,9
test_003574,7
test_003575,6
test_003576,5
test_003577,5
test_003578,5
test_003579,8
test_003580,1
test_003581,9
test_003582,9
test_003583,7
test_003584,5
test_003585,3
test_003586,9
test_003587,4
test_003588,8
test_003589,8
test_003590,5
test_003591,4
test_003592,1
test_003593,0
test_003594,4
test_003595,7
test_003596,7
test_003597,7
test_003598,5
test_003599,1
test_003600,4
test_003601,4
test_003602,3
test_003603,8
test_003604,6
test_003605,1
test_003606,3
test_003607,8
test_003608,4
test_003609,6
test_003610,1
test_003611,7
test_003612,5
test_003613,0
test_003614,6
test_003615,7
test_003616,2
test_003617,1
test_003618,9
test_003619,1
test_003620,1
test_003621,2
test_003622,7
test_003623,7
test_003624,9
test_003625,5
test_003626,9
test_003627,0
test_003628,1
test_003629,9
test_003630,8
test_003631,3
test_003632,6
test_003633,6
test_003634,9
test_003635,7
test_003636,2
test_003637,5
test_003638,3
test_003639,3
test_003640,3
test_003641,1
test_003642,0
test_003643,1
test_003644,1
test_003645,3
test_003646,6
test_003647,6
test_003648,2
test_003649,9
test_003650,4
test_003651,1
test_003652,7
test_003653,8
test_003654,3
test_003655,4
test_003656,6
test_003657,4
test_003658,3
test_003659,3
test_003660,3
test_003661,8
test_003662,6
test_003663,7
test_003664,3
test_003665,4
test_003666,0
test_003667,7
test_003668,3
test_003669,9
test_003670,1
test_003671,9
test_003672,1
test_003673,7
test_003674,8
test_003675,9
test_003676,4
test_003677,3
test_003678,5
test_003679,9
test_003680,4
test_003681,2
test_003682,2
test_003683,0
test_003684,0
test_003685,0
test_003686,4
test_003687,8
test_003688,7
test_003689,9
test_003690,2
test_003691,4
test_003692,0
test_003693,3
test_003694,5
test_003695,6
test_003696,9
test_003697,1
test_003698,5
test_003699,7
test_003700,1
test_003701,0
test_003702,7
test_003703,8
test_003704,9
test_003705,1
test_003706,5
test_003707,0
test_003708,3
test_003709,5
test_003710,4
test_003711,0
test_003712,3
test_003713,6
test_003714,4
test_003715,8
test_003716,9
test_003717,0
test_003718,0
test_003719,9
test_003720,9
test_003721,2
test_003722,3
test_003723,7
test_003724,0
test_003725,3
test_003726,5
test_003727,1
test_003728,8
test_003729,8
test_003730,7
test_003731,1
test_003732,4
test_003733,5
test_003734,8
test_003735,9
test_003736,8
test_003737,5
test_003738,4
test_003739,1
test_003740,7
test_003741,0
test_003742,6
test_003743,6
test_003744,9
test_003745,1
test_003746,6
test_003747,6
test_003748,8
test_003749,2
test_003750,0
test_003751,1
test_003752,3
test_003753,1
test_003754,8
test_003755,8
test_003756,2
test_003757,8
test_003758,0
test_003759,1
test_003760,9
test_003761,4
test_003762,8
test_003763,7
test_003764,7
test_003765,7
test_003766,9
test_003767,2
test_003768,7
test_003769,1
test_003770,7
test_003771,6
test_003772,1
test_003773,4
test_003774,0
test_003775,9
test_003776,7
test_003777,7
test_003778,7
test_003779,3
test_003780,4
test_003781,7
test_003782,0
test_003783,0
test_003784,7
test_003785,6
test_003786,3
test_003787,8
test_003788,1
test_003789,2
test_003790,3
test_003791,1
test_003792,9
test_003793,5
test_003794,7
test_003795,5
test_003796,0
test_003797,5
test_003798,2
test_003799,0
test_003800,9
test_003801,2
test_003802,8
test_003803,8
test_003804,4
test_003805,9
test_003806,4
test_003807,0
test_003808,2
test_003809,2
test_003810,5
test_003811,2
test_003812,6
test_003813,4
test_003814,2
test_003815,3
test_003816,5
test_003817,2
test_003818,0
test_003819,6
test_003820,4
test_003821,4
test_003822,8
test_003823,5
test_003824,4
test_003825,9
test_003826,3
test_003827,4
test_003828,9
test_003829,9
test_003830,5
test_003831,5
test_003832,8
test_003833,8
test_003834,7
test_003835,4
test_003836,1
test_003837,6
test_003838,9
test_003839,3
test_003840,8
test_003841,1
test_003842,6
test_003843,7
test_003844,0
test_003845,7
test_003846,5
test_003847,3
test_003848,4
test_003849,3
test_003850,3
test_003851,1
test_003852,0
test_003853,8
test_003854,1
test_003855,2
test_003856,8
test_003857,1
test_003858,1
test_003859,6
test_003860,3
test_003861,4
test_003862,3
test_003863,2
test_003864,9
test_003865,6
test_003866,3
test_003867,3
test_003868,3
test_003869,2
test_003870,1
test_003871,2
test_003872,1
test_003873,6
test_003874,6
test_003875,5
test_003876,4
test_003877,4
test_003878,3
test_003879,0
test_003880,0
test_003881,7
test_003882,3
test_003883,2
test_003884,5
test_003885,6
test_003886,4
test_003887,0
test_003888,8
test_003889,1
test_003890,5
test_003891,4
test_003892,3
test_003893,9
test_003894,4
test_003895,9
test_003896,3
test_003897,8
test_003898,7
test_003899,8
test_003900,6
test_003901,5
test_003902,0
test_003903,6
test_003904,5
test_003905,3
test_003906,5
test_003907,5
test_003908,6
test_003909,1
test_003910,7
test_003911,1
test_003912,6
test_003913,3
test_003914,4
test_003915,9
test_003916,4
test_003917,7
test_003918,4
test_003919,8
test_003920,4
test_003921,8
test_003922,6
test_003923,9
test_003924,7
test_003925,2
test_003926,6
test_003927,9
test_003928,3
test_003929,9
test_003930,9
test_003931,2
test_003932,8
test_003933,7
test_003934,3
test_003935,2
test_003936,5
test_003937,8
test_003938,5
test_003939,7
test_003940,1
test_003941,8
test_003942,7
test_003943,4
test_003944,5
test_003945,6
test_003946,8
test_003947,0
test_003948,1
test_003949,6
test_003950,4
test_003951,6
test_003952,5
test_003953,2
test_003954,0
test_003955,3
test_003956,7
test_003957,1
test_003958,2
test_003959,5
test_003960,3
test_003961,2
test_003962,0
test_003963,5
test_003964,7
test_003965,9
test_003966,2
test_003967,3
test_003968,5
test_003969,7
test_003970,1
test_003971,1
test_003972,9
test_003973,7
test_003974,8
test_003975,9
test_003976,9
test_003977,2
test_003978,4
test_003979,1
test_003980,6
test_003981,9
test_003982,3
test_003983,7
test_003984,6
test_003985,8
test_003986,0
test_003987,9
test_003988,9
test_003989,8
test_003990,6
test_003991,8
test_003992,9
test_003993,4
test_003994,0
test_003995,2
test_003996,1
test_003997,7
test_003998,3
test_003999,2
test_004000,6
test_004001,3
test_004002,9
test_004003,9
test_004004,9
test_004005,2
test_004006,7
test_004007,4
test_004008,2
test_004009,2
test_004010,9
test_004011,2
test_004012,7
test_004013,4
test_004014,5
test_004015,8
test_004016,2
test_004017,1
test_004018,7
test_004019,2
test_004020,2
test_004021,0
test_004022,1
test_004023,1
test_004024,2
test_004025,1
test_004026,3
test_004027,7
test_004028,1
test_004029,7
test_004030,6
test_004031,3
test_004032,3
test_004033,3
test_004034,1
test_004035,9
test_004036,0
test_004037,5
test_004038,3
test_004039,0
test_004040,6
test_004041,4
test_004042,2
test_004043,9
test_004044,0
test_004045,8
test_004046,1
test_004047,5
test_004048,6
test_004049,1
test_004050,4
test_004051,9
test_004052,4
test_004053,8
test_004054,1
test_004055,5
test_004056,7
test_004057,0
test_004058,2
test_004059,3
test_004060,7
test_004061,7
test_004062,9
test_004063,9
test_004064,0
test_004065,3
test_004066,9
test_004067,9
test_004068,8
test_004069,8
test_004070,3
test_004071,4
test_004072,5
test_004073,7
test_004074,0
test_004075,4
test_004076,7
test_004077,8
test_004078,5
test_004079,2
test_004080,8
test_004081,1
test_004082,5
test_004083,0
test_004084,5
test_004085,2
test_004086,0
test_004087,4
test_004088,7
test_004089,1
test_004090,6
test_004091,6
test_004092,4
test_004093,4
test_004094,6
test_004095,7
test_004096,3
test_004097,9
test_004098,4
test_004099,4
test_004100,7
test_004101,0
test_004102,5
test_004103,8
test_004104,6
test_004105,1
test_004106,2
test_004107,9
test_004108,8
test_004109,9
test_004110,6
test_004111,3
test_004112,7
test_004113,6
test_004114,2
test_004115,0
test_004116,1
test_004117,5
test_004118,6
test_004119,7
test_004120,7
test_004121,8
test_004122,6
test_004123,9
test_004124,1
test_004125,1
test_004126,7
test_004127,5
test_004128,4
test_004129,0
test_004130,2
test_004131,4
test_004132,7
test_004133,3
test_004134,1
test_004135,7
test_004136,5
test_004137,1
test_004138,3
test_004139,8
test_004140,3
test_004141,9
test_004142,9
test_004143,3
test_004144,7
test_004145,2
test_004146,8
test_004147,9
test_004148,3
test_004149,0
test_004150,4
test_004151,8
test_004152,4
test_004153,2
test_004154,9
test_004155,5
test_004156,9
test_004157,7
test_004158,5
test_004159,5
test_004160,9
test_004161,1
test_004162,0
test_004163,1
test_004164,2
test_004165,8
test_004166,5
test_004167,1
test_004168,4
test_004169,3
test_004170,5
test_004171,5
test_004172,8
test_004173,2
test_004174,2
test_004175,6
test_004176,6
test_004177,6
test_004178,0
test_004179,4
test_004180,0
test_004181,5
test_004182,3
test_004183,4
test_004184,2
test_004185,8
test_004186,5
test_004187,5
test_004188,4
test_004189,3
test_004190,9
test_004191,7
test_004192,9
test_004193,3
test_004194,8
test_004195,5
test_004196,6
test_004197,6
test_004198,1
test_004199,5
test_004200,8
test_004201,0
test_004202,8
test_004203,4
test_004204,6
test_004205,7
test_004206,1
test_004207,7
test_004208,4
test_004209,4
test_004210,6
test_004211,4
test_004212,8
test_004213,1
test_004214,2
test_004215,0
test_004216,5
test_004217,4
test_004218,9
test_004219,0
test_004220,0
test_004221,9
test_004222,7
test_004223,9
test_004224,3
test_004225,5
test_004226,0
test_004227,1
test_004228,8
test_004229,1
test_004230,4
test_004231,7
test_004232,1
test_004233,2
test_004234,4
test_004235,4
test_004236,5
test_004237,8
test_004238,6
test_004239,9
test_004240,2
test_004241,7
test_004242,8
test_004243,8
test_004244,8
test_004245,2
test_004246,6
test_004247,0
test_004248,7
test_004249,2
test_004250,5
test_004251,2
test_004252,9
test_004253,9
test_004254,9
test_004255,8
test_004256,7
test_004257,4
test_004258,9
test_004259,1
test_004260,8
test_004261,4
test_004262,3
test_004263,9
test_004264,9
test_004265,7
test_004266,8
test_004267,2
test_004268,8
test_004269,9
test_004270,8
test_004271,7
test_004272,8
test_004273,1
test_004274,3
test_004275,8
test_004276,7
test_004277,3
test_004278,0
test_004279,5
test_004280,5
test_004281,2
test_004282,3
test_004283,1
test_004284,9
test_004285,6
test_004286,4
test_004287,6
test_004288,2
test_004289,2
test_004290,9
test_004291,7
test_004292,5
test_004293,4
test_004294,7
test_004295,8
test_004296,2
test_004297,7
test_004298,9
test_004299,7
test_004300,0
test_004301,4
test_004302,4
test_004303,7
test_004304,5
test_004305,1
test_004306,8
test_004307,5
test_004308,1
test_004309,3
test_004310,8
test_004311,7
test_004312,9
test_004313,3
test_004314,2
test_004315,1
test_004316,3
test_004317,6
test_004318,3
test_004319,7
test_004320,5
test_004321,5
test_004322,2
test_004323,2
test_004324,9
test_004325,3
test_004326,2
test_004327,7
test_004328,9
test_004329,7
test_004330,1
test_004331,4
test_004332,2
test_004333,9
test_004334,9
test_004335,8
test_004336,9
test_004337,5
test_004338,8
test_004339,1
test_004340,2
test_004341,6
test_004342,8
test_004343,0
test_004344,4
test_004345,5
test_004346,8
test_004347,6
test_004348,4
test_004349,1
test_004350,2
test_004351,0
test_004352,7
test_004353,1
test_004354,0
test_004355,6
test_004356,3
test_004357,8
test_004358,9
test_004359,2
test_004360,7
test_004361,0
test_004362,3
test_004363,7
test_004364,7
test_004365,7
test_004366,2
test_004367,0
test_004368,9
test_004369,3
test_004370,9
test_004371,1
test_004372,9
test_004373,8
test_004374,7
test_004375,8
test_004376,8
test_004377,8
test_004378,9
test_004379,4
test_004380,8
test_004381,0
test_004382,4
test_004383,5
test_004384,3
test_004385,8
test_004386,8
test_004387,9
test_004388,9
test_004389,6
test_004390,1
test_004391,3
test_004392,4
test_004393,0
test_004394,7
test_004395,9
test_004396,4
test_004397,5
test_004398,5
test_004399,9
test_004400,9
test_004401,8
test_004402,3
test_004403,1
test_004404,6
test_004405,2
test_004406,0
test_004407,2
test_004408,1
test_004409,3
test_004410,7
test_004411,0
test_004412,4
test_004413,3
test_004414,2
test_004415,5
test_004416,1
test_004417,9
test_004418,0
test_004419,1
test_004420,1
test_004421,8
test_004422,2
test_004423,5
test_004424,0
test_004425,9
test_004426,3
test_004427,3
test_004428,5
test_004429,3
test_004430,0
test_004431,3
test_004432,6
test_004433,3
test_004434,1
test_004435,4
test_004436,2
test_004437,3
test_004438,1
test_004439,1
test_004440,7
test_004441,3
test_004442,6
test_004443,9
test_004444,8
test_004445,0
test_004446,6
test_004447,5
test_004448,8
test_004449,5
test_004450,6
test_004451,1
test_004452,9
test_004453,0
test_004454,2
test_004455,5
test_004456,8
test_004457,9
test_004458,3
test_004459,8
test_004460,5
test_004461,3
test_004462,3
test_004463,9
test_004464,3
test_004465,1
test_004466,1
test_004467,8
test_004468,2
test_004469,4
test_004470,5
test_004471,5
test_004472,2
test_004473,5
test_004474,6
test_004475,2
test_004476,8
test_004477,7
test_004478,7
test_004479,3
test_004480,3
test_004481,9
test_004482,2
test_004483,2
test_004484,6
test_004485,4
test_004486,4
test_004487,8
test_004488,9
test_004489,5
test_004490,2
test_004491,0
test_004492,8
test_004493,8
test_004494,1
test_004495,1
test_004496,0
test_004497,3
test_004498,8
test_004499,9
test_004500,5
test_004501,7
test_004502,1
test_004503,4
test_004504,0
test_004505,4
test_004506,1
test_004507,8
test_004508,8
test_004509,9
test_004510,7
test_004511,7
test_004512,4
test_004513,2
test_004514,7
test_004515,8
test_004516,5
test_004517,9
test_004518,6
test_004519,3
test_004520,3
test_004521,3
test_004522,7
test_004523,4
test_004524,7
test_004525,9
test_004526,7
test_004527,0
test_004528,5
test_004529,6
test_004530,5
test_004531,5
test_004532,2
test_004533,3
test_004534,1
test_004535,7
test_004536,1
test_004537,6
test_004538,6
test_004539,9
test_004540,4
test_004541,5
test_004542,0
test_004543,6
test_004544,9
test_004545,7
test_004546,9
test_004547,7
test_004548,2
test_004549,5
test_004550,0
test_004551,9
test_004552,0
test_004553,3
test_004554,7
test_004555,0
test_004556,2
test_004557,5
test_004558,7
test_004559,5
test_004560,1
test_004561,5
test_004562,3
test_004563,8
test_004564,8
test_004565,7
test_004566,8
test_004567,0
test_004568,4
test_004569,2
test_004570,6
test_004571,4
test_004572,7
test_004573,4
test_004574,9
test_004575,6
test_004576,7
test_004577,4
test_004578,1
test_004579,8
test_004580,8
test_004581,1
test_004582,0
test_004583,3
test_004584,0
test_004585,9
test_004586,9
test_004587,3
test_004588,2
test_004589,2
test_004590,7
test_004591,4
test_004592,4
test_004593,6
test_004594,9
test_004595,4
test_004596,3
test_004597,3
test_004598,5
test_004599,5
test_004600,3
test_004601,1
test_004602,6
test_004603,7
test_004604,3
test_004605,1
test_004606,0
test_004607,5
test_004608,7
test_004609,7
test_004610,4
test_004611,2
test_004612,9
test_004613,4
test_004614,7
test_004615,5
test_004616,4
test_004617,2
test_004618,7
test_004619,5
test_004620,2
test_004621,8
test_004622,4
test_004623,2
test_004624,1
test_004625,4
test_004626,7
test_004627,2
test_004628,2
test_004629,2
test_004630,4
test_004631,1
test_004632,2
test_004633,3
test_004634,9
test_004635,7
test_004636,2
test_004637,7
test_004638,2
test_004639,5
test_004640,8
test_004641,5
test_004642,0
test_004643,9
test_004644,5
test_004645,2
test_004646,8
test_004647,0
test_004648,5
test_004649,9
test_004650,4
test_004651,4
test_004652,4
test_004653,7
test_004654,8
test_004655,9
test_004656,4
test_004657,4
test_004658,8
test_004659,0
test_004660,7
test_004661,1
test_004662,4
test_004663,6
test_004664,5
test_004665,3
test_004666,9
test_004667,5
test_004668,9
test_004669,6
test_004670,3
test_004671,8
test_004672,8
test_004673,1
test_004674,8
test_004675,5
test_004676,3
test_004677,9
test_004678,5
test_004679,2
test_004680,8
test_004681,8
test_004682,9
test_004683,2
test_004684,2
test_004685,2
test_004686,6
test_004687,1
test_004688,2
test_004689,8
test_004690,5
test_004691,9
test_004692,2
test_004693,7
test_004694,8
test_004695,5
test_004696,7
test_004697,1
test_004698,0
test_004699,8
test_004700,8
test_004701,0
test_004702,6
test_004703,8
test_004704,0
test_004705,7
test_004706,8
test_004707,6
test_004708,1
test_004709,9
test_004710,3
test_004711,2
test_004712,7
test_004713,3
test_004714,8
test_004715,8
test_004716,2
test_004717,3
test_004718,5
test_004719,9
test_004720,7
test_004721,6
test_004722,2
test_004723,9
test_004724,3
test_004725,2
test_004726,1
test_004727,5
test_004728,8
test_004729,1
test_004730,6
test_004731,9
test_004732,3
test_004733,6
test_004734,0
test_004735,4
test_004736,2
test_004737,2
test_004738,9
test_004739,0
test_004740,6
test_004741,3
test_004742,7
test_004743,9
test_004744,2
test_004745,7
test_004746,9
test_004747,2
test_004748,8
test_004749,4
test_004750,2
test_004751,9
test_004752,8
test_004753,5
test_004754,7
test_004755,5
test_004756,6
test_004757,3
test_004758,1
test_004759,3
test_004760,5
test_004761,9
test_004762,2
test_004763,2
test_004764,4
test_004765,7
test_004766,5
test_004767,9
test_004768,2
test_004769,9
test_004770,8
test_004771,4
test_004772,2
test_004773,2
test_004774,8
test_004775,5
test_004776,6
test_004777,9
test_004778,9
test_004779,8
test_004780,1
test_004781,1
test_004782,9
test_004783,1
test_004784,7
test_004785,9
test_004786,6
test_004787,6
test_004788,0
test_004789,8
test_004790,0
test_004791,1
test_004792,2
test_004793,5
test_004794,7
test_004795,9
test_004796,5
test_004797,3
test_004798,6
test_004799,6
test_004800,7
test_004801,7
test_004802,7
test_004803,2
test_004804,3
test_004805,3
test_004806,2
test_004807,9
test_004808,8
test_004809,8
test_004810,2
test_004811,0
test_004812,1
test_004813,4
test_004814,8
test_004815,2
test_004816,9
test_004817,2
test_004818,9
test_004819,9
test_004820,3
test_004821,6
test_004822,3
test_004823,6
test_004824,5
test_004825,2
test_004826,8
test_004827,2
test_004828,0
test_004829,9
test_004830,6
test_004831,5
test_004832,6
test_004833,1
test_004834,4
test_004835,4
test_004836,1
test_004837,2
test_004838,1
test_004839,9
test_004840,9
test_004841,3
test_004842,1
test_004843,7
test_004844,3
test_004845,7
test_004846,8
test_004847,9
test_004848,1
test_004849,2
test_004850,7
test_004851,0
test_004852,8
test_004853,2
test_004854,4
test_004855,1
test_004856,4
test_004857,5
test_004858,8
test_004859,9
test_004860,1
test_004861,5
test_004862,9
test_004863,4
test_004864,4
test_004865,5
test_004866,4
test_004867,5
test_004868,3
test_004869,0
test_004870,3
test_004871,8
test_004872,5
test_004873,0
test_004874,3
test_004875,2
test_004876,5
test_004877,1
test_004878,7
test_004879,4
test_004880,6
test_004881,2
test_004882,0
test_004883,3
test_004884,8
test_004885,8
test_004886,2
test_004887,0
test_004888,3
test_004889,2
test_004890,7
test_004891,9
test_004892,6
test_004893,5
test_004894,0
test_004895,5
test_004896,9
test_004897,6
test_004898,7
test_004899,6
test_004900,5
test_004901,1
test_004902,9
test_004903,8
test_004904,8
test_004905,0
test_004906,3
test_004907,9
test_004908,9
test_004909,7
test_004910,7
test_004911,6
test_004912,2
test_004913,1
test_004914,5
test_004915,2
test_004916,0
test_004917,8
test_004918,2
test_004919,6
test_004920,2
test_004921,2
test_004922,0
test_004923,3
test_004924,7
test_004925,6
test_004926,7
test_004927,5
test_004928,4
test_004929,4
test_004930,8
test_004931,6
test_004932,7
test_004933,9
test_004934,7
test_004935,2
test_004936,9
test_004937,3
test_004938,6
test_004939,5
test_004940,6
test_004941,9
test_004942,6
test_004943,8
test_004944,8
test_004945,0
test_004946,0
test_004947,3
test_004948,7
test_004949,6
test_004950,7
test_004951,4
test_004952,5
test_004953,3
test_004954,0
test_004955,1
test_004956,1
test_004957,5
test_004958,7
test_004959,9
test_004960,0
test_004961,0
test_004962,8
test_004963,5
test_004964,5
test_004965,7
test_004966,0
test_004967,0
test_004968,8
test_004969,8
test_004970,4
test_004971,3
test_004972,9
test_004973,7
test_004974,9
test_004975,7
test_004976,3
test_004977,7
test_004978,4
test_004979,9
test_004980,4
test_004981,7
test_004982,2
test_004983,2
test_004984,7
test_004985,8
test_004986,2
test_004987,7
test_004988,1
test_004989,3
test_004990,1
test_004991,8
test_004992,2
test_004993,7
test_004994,3
test_004995,8
test_004996,6
test_004997,2
test_004998,6
test_004999,4
test_005000,9
test_005001,0
test_005002,8
test_005003,9
test_005004,1
test_005005,0
test_005006,7
test_005007,6
test_005008,7
test_005009,1
test_005010,0
test_005011,9
test_005012,0
test_005013,0
test_005014,8
test_005015,8
test_005016,3
test_005017,2
test_005018,1
test_005019,8
test_005020,4
test_005021,6
test_005022,4
test_005023,7
test_005024,8
test_005025,7
test_005026,5
test_005027,1
test_005028,7
test_005029,8
test_005030,4
test_005031,2
test_005032,1
test_005033,3
test_005034,7
test_005035,2
test_005036,7
test_005037,6
test_005038,0
test_005039,8
test_005040,6
test_005041,9
test_005042,2
test_005043,3
test_005044,8
test_005045,9
test_005046,1
test_005047,9
test_005048,0
test_005049,3
test_005050,1
test_005051,1
test_005052,9
test_005053,2
test_005054,7
test_005055,4
test_005056,8
test_005057,1
test_005058,2
test_005059,8
test_005060,3
test_005061,0
test_005062,7
test_005063,8
test_005064,6
test_005065,3
test_005066,4
test_005067,4
test_005068,4
test_005069,0
test_005070,9
test_005071,5
test_005072,0
test_005073,3
test_005074,9
test_005075,9
test_005076,6
test_005077,0
test_005078,4
test_005079,3
test_005080,9
test_005081,0
test_005082,9
test_005083,6
test_005084,8
test_005085,0
test_005086,2
test_005087,7
test_005088,6
test_005089,1
test_005090,2
test_005091,5
test_005092,0
test_005093,1
test_005094,4
test_005095,7
test_005096,2
test_005097,8
test_005098,3
test_005099,9
test_005100,9
test_005101,3
test_005102,3
test_005103,1
test_005104,6
test_005105,5
test_005106,8
test_005107,7
test_005108,7
test_005109,0
test_005110,9
test_005111,0
test_005112,8
test_005113,9
test_005114,5
test_005115,6
test_005116,6
test_005117,1
test_005118,3
test_005119,3
test_005120,7
test_005121,3
test_005122,7
test_005123,6
test_005124,8
test_005125,8
test_005126,5
test_005127,8
test_005128,6
test_005129,2
test_005130,4
test_005131,6
test_005132,2
test_005133,3
test_005134,7
test_005135,5
test_005136,9
test_005137,1
test_005138,2
test_005139,7
test_005140,9
test_005141,3
test_005142,5
test_005143,5
test_005144,5
test_005145,5
test_005146,2
test_005147,2
test_005148,4
test_005149,4
test_005150,7
test_005151,5
test_005152,8
test_005153,8
test_005154,4
test_005155,9
test_005156,2
test_005157,0
test_005158,5
test_005159,8
test_005160,3
test_005161,6
test_005162,5
test_005163,0
test_005164,8
test_005165,9
test_005166,8
test_005167,6
test_005168,4
test_005169,6
test_005170,1
test_005171,5
test_005172,9
test_005173,4
test_005174,5
test_005175,3
test_005176,0
test_005177,5
test_005178,9
test_005179,1
test_005180,0
test_005181,7
test_005182,1
test_005183,4
test_005184,6
test_005185,6
test_005186,3
test_005187,0
test_005188,1
test_005189,0
test_005190,4
test_005191,9
test_005192,6
test_005193,4
test_005194,5
test_005195,9
test_005196,5
test_005197,6
test_005198,3
test_005199,3
test_005200,3
test_005201,3
test_005202,8
test_005203,8
test_005204,0
test_005205,3
test_005206,3
test_005207,1
test_005208,4
test_005209,2
test_005210,1
test_005211,7
test_005212,2
test_005213,7
test_005214,5
test_005215,7
test_005216,4
test_005217,2
test_005218,9
test_005219,7
test_005220,7
test_005221,0
test_005222,1
test_005223,9
test_005224,5
test_005225,9
test_005226,9
test_005227,3
test_005228,0
test_005229,9
test_005230,7
test_005231,5
test_005232,8
test_005233,6
test_005234,4
test_005235,9
test_005236,7
test_005237,6
test_005238,5
test_005239,1
test_005240,6
test_005241,8
test_005242,9
test_005243,4
test_005244,8
test_005245,7
test_005246,9
test_005247,3
test_005248,7
test_005249,0
test_005250,9
test_005251,4
test_005252,8
test_005253,5
test_005254,2
test_005255,0
test_005256,1
test_005257,0
test_005258,3
test_005259,8
test_005260,7
test_005261,1
test_005262,3
test_005263,2
test_005264,5
test_005265,4
test_005266,2
test_005267,2
test_005268,7
test_005269,4
test_005270,7
test_005271,4
test_005272,2
test_005273,8
test_005274,3
test_005275,8
test_005276,5
test_005277,5
test_005278,2
test_005279,9
test_005280,1
test_005281,0
test_005282,4
test_005283,9
test_005284,6
test_005285,5
test_005286,3
test_005287,9
test_005288,9
test_005289,4
test_005290,5
test_005291,0
test_005292,4
test_005293,7
test_005294,8
test_005295,6
test_005296,2
test_005297,1
test_005298,6
test_005299,9
test_005300,3
test_005301,4
test_005302,2
test_005303,5
test_005304,6
test_005305,5
test_005306,4
test_005307,2
test_005308,2
test_005309,4
test_005310,4
test_005311,1
test_005312,1
test_005313,3
test_005314,0
test_005315,2
test_005316,5
test_005317,3
test_005318,5
test_005319,4
test_005320,6
test_005321,0
test_005322,5
test_005323,8
test_005324,8
test_005325,8
test_005326,3
test_005327,9
test_005328,5
test_005329,5
test_005330,7
test_005331,6
test_005332,3
test_005333,8
test_005334,6
test_005335,6
test_005336,0
test_005337,1
test_005338,6
test_005339,2
test_005340,0
test_005341,5
test_005342,9
test_005343,6
test_005344,2
test_005345,6
test_005346,7
test_005347,1
test_005348,6
test_005349,5
test_005350,9
test_005351,1
test_005352,4
test_005353,5
test_005354,0
test_005355,9
test_005356,1
test_005357,6
test_005358,1
test_005359,2
test_005360,4
test_005361,7
test_005362,0
test_005363,1
test_005364,1
test_005365,7
test_005366,1
test_005367,8
test_005368,4
test_005369,3
test_005370,9
test_005371,5
test_005372,8
test_005373,5
test_005374,4
test_005375,8
test_005376,4
test_005377,2
test_005378,5
test_005379,2
test_005380,2
test_005381,9
test_005382,2
test_005383,1
test_005384,2
test_005385,4
test_005386,2
test_005387,5
test_005388,2
test_005389,8
test_005390,3
test_005391,6
test_005392,3
test_005393,7
test_005394,9
test_005395,2
test_005396,1
test_005397,1
test_005398,0
test_005399,9
test_005400,7
test_005401,8
test_005402,6
test_005403,3
test_005404,3
test_005405,2
test_005406,5
test_005407,1
test_005408,6
test_005409,6
test_005410,6
test_005411,9
test_005412,7
test_005413,7
test_005414,3
test_005415,3
test_005416,7
test_005417,4
test_005418,5
test_005419,3
test_005420,7
test_005421,2
test_005422,4
test_005423,6
test_005424,3
test_005425,2
test_005426,9
test_005427,2
test_005428,5
test_005429,3
test_005430,6
test_005431,1
test_005432,9
test_005433,1
test_005434,2
test_005435,2
test_005436,7
test_005437,2
test_005438,4
test_005439,3
test_005440,2
test_005441,4
test_005442,6
test_005443,3
test_005444,6
test_005445,6
test_005446,2
test_005447,4
test_005448,8
test_005449,8
test_005450,5
test_005451,3
test_005452,9
test_005453,4
test_005454,7
test_005455,0
test_005456,1
test_005457,6
test_005458,0
test_005459,7
test_005460,3
test_005461,2
test_005462,9
test_005463,2
test_005464,2
test_005465,3
test_005466,9
test_005467,4
test_005468,6
test_005469,2
test_005470,9
test_005471,5
test_005472,4
test_005473,0
test_005474,3
test_005475,8
test_005476,8
test_005477,7
test_005478,9
test_005479,9
test_005480,9
test_005481,9
test_005482,1
test_005483,5
test_005484,8
test_005485,5
test_005486,2
test_005487,0
test_005488,0
test_005489,5
test_005490,2
test_005491,5
test_005492,0
test_005493,6
test_005494,4
test_005495,7
test_005496,7
test_005497,8
test_005498,7
test_005499,2
test_005500,2
test_005501,7
test_005502,7
test_005503,7
test_005504,5
test_005505,4
test_005506,3
test_005507,6
test_005508,6
test_005509,1
test_005510,7
test_005511,7
test_005512,9
test_005513,8
test_005514,3
test_005515,3
test_005516,6
test_005517,2
test_005518,0
test_005519,6
test_005520,0
test_005521,9
test_005522,1
test_005523,2
test_005524,1
test_005525,0
test_005526,9
test_005527,0
test_005528,2
test_005529,9
test_005530,2
test_005531,5
test_005532,0
test_005533,1
test_005534,2
test_005535,3
test_005536,6
test_005537,8
test_005538,0
test_005539,8
test_005540,3
test_005541,0
test_005542,9
test_005543,3
test_005544,4
test_005545,0
test_005546,5
test_005547,9
test_005548,3
test_005549,9
test_005550,3
test_005551,7
test_005552,2
test_005553,3
test_005554,2
test_005555,4
test_005556,8
test_005557,1
test_005558,8
test_005559,0
test_005560,5
test_005561,3
test_005562,7
test_005563,9
test_005564,5
test_005565,9
test_005566,9
test_005567,9
test_005568,0
test_005569,3
test_005570,4
test_005571,9
test_005572,1
test_005573,0
test_005574,8
test_005575,0
test_005576,5
test_005577,6
test_005578,8
test_005579,3
test_005580,5
test_005581,3
test_005582,5
test_005583,5
test_005584,3
test_005585,9
test_005586,1
test_005587,1
test_005588,4
test_005589,0
test_005590,7
test_005591,2
test_005592,3
test_005593,1
test_005594,3
test_005595,3
test_005596,9
test_005597,6
test_005598,5
test_005599,0
test_005600,4
test_005601,3
test_005602,3
test_005603,6
test_005604,8
test_005605,1
test_005606,4
test_005607,6
test_005608,2
test_005609,8
test_005610,9
test_005611,6
test_005612,1
test_005613,2
test_005614,1
test_005615,3
test_005616,0
test_005617,6
test_005618,2
test_005619,3
test_005620,3
test_005621,8
test_005622,3
test_005623,2
test_005624,6
test_005625,0
test_005626,6
test_005627,0
test_005628,4
test_005629,6
test_005630,3
test_005631,5
test_005632,6
test_005633,8
test_005634,7
test_005635,7
test_005636,0
test_005637,3
test_005638,5
test_005639,3
test_005640,5
test_005641,1
test_005642,7
test_005643,2
test_005644,1
test_005645,3
test_005646,4
test_005647,7
test_005648,3
test_005649,0
test_005650,7
test_005651,5
test_005652,4
test_005653,6
test_005654,3
test_005655,8
test_005656,9
test_005657,4
test_005658,2
test_005659,4
test_005660,4
test_005661,0
test_005662,3
test_005663,5
test_005664,0
test_005665,4
test_005666,2
test_005667,7
test_005668,6
test_005669,9
test_005670,2
test_005671,8
test_005672,6
test_005673,4
test_005674,4
test_005675,7
test_005676,6
test_005677,1
test_005678,7
test_005679,0
test_005680,6
test_005681,7
test_005682,6
test_005683,9
test_005684,4
test_005685,4
test_005686,6
test_005687,2
test_005688,9
test_005689,5
test_005690,9
test_005691,2
test_005692,3
test_005693,4
test_005694,7
test_005695,4
test_005696,1
test_005697,7
test_005698,6
test_005699,6
test_005700,0
test_005701,0
test_005702,7
test_005703,6
test_005704,1
test_005705,8
test_005706,1
test_005707,5
test_005708,8
test_005709,2
test_005710,3
test_005711,5
test_005712,5
test_005713,0
test_005714,1
test_005715,3
test_005716,7
test_005717,8
test_005718,5
test_005719,4
test_005720,0
test_005721,1
test_005722,0
test_005723,2
test_005724,0
test_005725,9
test_005726,5
test_005727,8
test_005728,9
test_005729,3
test_005730,4
test_005731,7
test_005732,6
test_005733,6
test_005734,0
test_005735,1
test_005736,0
test_005737,8
test_005738,3
test_005739,9
test_005740,6
test_005741,7
test_005742,4
test_005743,6
test_005744,1
test_005745,3
test_005746,1
test_005747,6
test_005748,6
test_005749,7
test_005750,6
test_005751,3
test_005752,6
test_005753,3
test_005754,8
test_005755,5
test_005756,1
test_005757,5
test_005758,7
test_005759,1
test_005760,4
test_005761,9
test_005762,8
test_005763,8
test_005764,6
test_005765,2
test_005766,9
test_005767,1
test_005768,3
test_005769,5
test_005770,9
test_005771,4
test_005772,7
test_005773,6
test_005774,3
test_005775,5
test_005776,0
test_005777,1
test_005778,9
test_005779,0
test_005780,5
test_005781,8
test_005782,8
test_005783,3
test_005784,4
test_005785,3
test_005786,9
test_005787,1
test_005788,3
test_005789,4
test_005790,7
test_005791,2
test_005792,4
test_005793,9
test_005794,1
test_005795,9
test_005796,1
test_005797,8
test_005798,1
test_005799,3
test_005800,4
test_005801,4
test_005802,3
test_005803,7
test_005804,9
test_005805,9
test_005806,2
test_005807,2
test_005808,6
test_005809,6
test_005810,4
test_005811,5
test_005812,0
test_005813,3
test_005814,2
test_005815,2
test_005816,3
test_005817,5
test_005818,3
test_005819,7
test_005820,3
test_005821,4
test_005822,6
test_005823,4
test_005824,7
test_005825,6
test_005826,6
test_005827,6
test_005828,7
test_005829,5
test_005830,7
test_005831,4
test_005832,3
test_005833,5
test_005834,7
test_005835,9
test_005836,2
test_005837,0
test_005838,0
test_005839,7
test_005840,0
test_005841,8
test_005842,9
test_005843,2
test_005844,3
test_005845,8
test_005846,3
test_005847,0
test_005848,1
test_005849,5
test_005850,1
test_005851,1
test_005852,9
test_005853,5
test_005854,5
test_005855,5
test_005856,7
test_005857,7
test_005858,4
test_005859,0
test_005860,4
test_005861,1
test_005862,5
test_005863,0
test_005864,6
test_005865,9
test_005866,3
test_005867,7
test_005868,2
test_005869,4
test_005870,3
test_005871,4
test_005872,6
test_005873,7
test_005874,4
test_005875,0
test_005876,8
test_005877,2
test_005878,7
test_005879,3
test_005880,6
test_005881,7
test_005882,3
test_005883,3
test_005884,8
test_005885,3
test_005886,0
test_005887,7
test_005888,6
test_005889,3
test_005890,2
test_005891,2
test_005892,1
test_005893,6
test_005894,4
test_005895,0
test_005896,7
test_005897,9
test_005898,4
test_005899,5
test_005900,0
test_005901,8
test_005902,2
test_005903,5
test_005904,5
test_005905,2
test_005906,4
test_005907,5
test_005908,6
test_005909,0
test_005910,6
test_005911,9
test_005912,0
test_005913,9
test_005914,2
test_005915,2
test_005916,7
test_005917,3
test_005918,7
test_005919,3
test_005920,4
test_005921,0
test_005922,0
test_005923,4
test_005924,4
test_005925,3
test_005926,8
test_005927,2
test_005928,0
test_005929,0
test_005930,4
test_005931,1
test_005932,0
test_005933,1
test_005934,8
test_005935,2
test_005936,3
test_005937,2
test_005938,5
test_005939,6
test_005940,5
test_005941,8
test_005942,9
test_005943,9
test_005944,7
test_005945,9
test_005946,8
test_005947,7
test_005948,1
test_005949,0
test_005950,7
test_005951,9
test_005952,3
test_005953,0
test_005954,6
test_005955,2
test_005956,2
test_005957,2
test_005958,3
test_005959,0
test_005960,5
test_005961,1
test_005962,8
test_005963,9
test_005964,8
test_005965,2
test_005966,7
test_005967,2
test_005968,6
test_005969,7
test_005970,0
test_005971,5
test_005972,1
test_005973,3
test_005974,4
test_005975,3
test_005976,3
test_005977,2
test_005978,3
test_005979,7
test_005980,7
test_005981,0
test_005982,5
test_005983,9
test_005984,2
test_005985,1
test_005986,8
test_005987,8
test_005988,8
test_005989,7
test_005990,5
test_005991,1
test_005992,6
test_005993,8
test_005994,7
test_005995,1
test_005996,2
test_005997,6
test_005998,5
test_005999,1
test_006000,7
test_006001,1
test_006002,1
test_006003,2
test_006004,8
test_006005,4
test_006006,6
test_006007,7
test_006008,0
test_006009,5
test_006010,2
test_006011,6
test_006012,0
test_006013,3
test_006014,0
test_006015,0
test_006016,2
test_006017,7
test_006018,5
test_006019,8
test_006020,9
test_006021,4
test_006022,2
test_006023,8
test_006024,2
test_006025,8
test_006026,1
test_006027,9
test_006028,6
test_006029,0
test_006030,9
test_006031,6
test_006032,5
test_006033,7
test_006034,2
test_006035,3
test_006036,2
test_006037,3
test_006038,7
test_006039,1
test_006040,7
test_006041,7
test_006042,4
test_006043,7
test_006044,8
test_006045,5
test_006046,0
test_006047,2
test_006048,5
test_006049,6
test_006050,2
test_006051,8
test_006052,5
test_006053,3
test_006054,6
test_006055,3
test_006056,1
test_006057,1
test_006058,0
test_006059,9
test_006060,8
test_006061,7
test_006062,9
test_006063,2
test_006064,0
test_006065,9
test_006066,3
test_006067,8
test_006068,6
test_006069,7
test_006070,2
test_006071,1
test_006072,2
test_006073,4
test_006074,1
test_006075,4
test_006076,4
test_006077,4
test_006078,8
test_006079,7
test_006080,1
test_006081,7
test_006082,2
test_006083,7
test_006084,9
test_006085,4
test_006086,7
test_006087,6
test_006088,2
test_006089,7
test_006090,9
test_006091,6
test_006092,0
test_006093,5
test_006094,0
test_006095,2
test_006096,5
test_006097,3
test_006098,6
test_006099,6
test_006100,1
test_006101,7
test_006102,3
test_006103,1
test_006104,5
test_006105,9
test_006106,9
test_006107,2
test_006108,4
test_006109,7
test_006110,4
test_006111,7
test_006112,4
test_006113,8
test_006114,8
test_006115,2
test_006116,9
test_006117,9
test_006118,3
test_006119,9
test_006120,7
test_006121,6
test_006122,7
test_006123,5
test_006124,1
test_006125,9
test_006126,6
test_006127,5
test_006128,1
test_006129,8
test_006130,5
test_006131,7
test_006132,0
test_006133,8
test_006134,2
test_006135,5
test_006136,7
test_006137,6
test_006138,1
test_006139,2
test_006140,0
test_006141,7
test_006142,3
test_006143,8
test_006144,6
test_006145,5
test_006146,2
test_006147,3
test_006148,7
test_006149,6
test_006150,1
test_006151,4
test_006152,1
test_006153,4
test_006154,6
test_006155,9
test_006156,8
test_006157,3
test_006158,8
test_006159,5
test_006160,7
test_006161,9
test_006162,3
test_006163,8
test_006164,1
test_006165,3
test_006166,4
test_006167,2
test_006168,8
test_006169,9
test_006170,3
test_006171,0
test_006172,0
test_006173,9
test_006174,9
test_006175,2
test_006176,9
test_006177,8
test_006178,0
test_006179,7
test_006180,3
test_006181,4
test_006182,9
test_006183,6
test_006184,2
test_006185,0
test_006186,1
test_006187,3
test_006188,9
test_006189,4
test_006190,2
test_006191,6
test_006192,9
test_006193,4
test_006194,6
test_006195,9
test_006196,0
test_006197,4
test_006198,9
test_006199,5
test_006200,8
test_006201,5
test_006202,2
test_006203,0
test_006204,8
test_006205,8
test_006206,2
test_006207,5
test_006208,9
test_006209,3
test_006210,1
test_006211,5
test_006212,0
test_006213,1
test_006214,9
test_006215,7
test_006216,6
test_006217,1
test_006218,7
test_006219,4
test_006220,8
test_006221,4
test_006222,5
test_006223,4
test_006224,2
test_006225,6
test_006226,9
test_006227,1
test_006228,3
test_006229,9
test_006230,0
test_006231,9
test_006232,8
test_006233,3
test_006234,6
test_006235,1
test_006236,6
test_006237,4
test_006238,1
test_006239,6
test_006240,1
test_006241,9
test_006242,7
test_006243,8
test_006244,5
test_006245,1
test_006246,1
test_006247,2
test_006248,1
test_006249,8
test_006250,4
test_006251,0
test_006252,5
test_006253,4
test_006254,0
test_006255,4
test_006256,3
test_006257,4
test_006258,5
test_006259,2
test_006260,3
test_006261,8
test_006262,0
test_006263,3
test_006264,9
test_006265,9
test_006266,4
test_006267,1
test_006268,7
test_006269,7
test_006270,9
test_006271,8
test_006272,8
test_006273,5
test_006274,4
test_006275,5
test_006276,0
test_006277,2
test_006278,9
test_006279,9
test_006280,1
test_006281,6
test_006282,2
test_006283,6
test_006284,3
test_006285,7
test_006286,5
test_006287,4
test_006288,2
test_006289,6
test_006290,5
test_006291,3
test_006292,6
test_006293,3
test_006294,8
test_006295,4
test_006296,8
test_006297,0
test_006298,0
test_006299,2
test_006300,1
test_006301,4
test_006302,7
test_006303,5
test_006304,0
test_006305,9
test_006306,8
test_006307,4
test_006308,5
test_006309,1
test_006310,6
test_006311,4
test_006312,4
test_006313,0
test_006314,7
test_006315,9
test_006316,8
test_006317,6
test_006318,3
test_006319,2
test_006320,7
test_006321,5
test_006322,4
test_006323,3
test_006324,7
test_006325,0
test_006326,9
test_006327,3
test_006328,9
test_006329,4
test_006330,9
test_006331,0
test_006332,5
test_006333,5
test_006334,5
test_006335,4
test_006336,1
test_006337,1
test_006338,3
test_006339,9
test_006340,2
test_006341,3
test_006342,5
test_006343,9
test_006344,0
test_006345,1
test_006346,8
test_006347,0
test_006348,8
test_006349,8
test_006350,1
test_006351,8
test_006352,5
test_006353,5
test_006354,2
test_006355,0
test_006356,2
test_006357,0
test_006358,6
test_006359,3
test_006360,4
test_006361,6
test_006362,9
test_006363,1
test_006364,6
test_006365,0
test_006366,1
test_006367,4
test_006368,6
test_006369,5
test_006370,7
test_006371,1
test_006372,2
test_006373,6
test_006374,5
test_006375,8
test_006376,9
test_006377,5
test_006378,4
test_006379,0
test_006380,3
test_006381,2
test_006382,4
test_006383,8
test_006384,2
test_006385,1
test_006386,1
test_006387,8
test_006388,2
test_006389,1
test_006390,1
test_006391,4
test_006392,6
test_006393,8
test_006394,9
test_006395,9
test_006396,6
test_006397,9
test_006398,6
test_006399,1
test_006400,2
test_006401,2
test_006402,4
test_006403,7
test_006404,4
test_006405,7
test_006406,9
test_006407,2
test_006408,9
test_006409,8
test_006410,0
test_006411,6
test_006412,7
test_006413,4
test_006414,4
test_006415,0
test_006416,2
test_006417,5
test_006418,3
test_006419,9
test_006420,7
test_006421,0
test_006422,3
test_006423,1
test_006424,5
test_006425,1
test_006426,3
test_006427,0
test_006428,4
test_006429,2
test_006430,1
test_006431,4
test_006432,4
test_006433,6
test_006434,8
test_006435,2
test_006436,0
test_006437,5
test_006438,4
test_006439,5
test_006440,7
test_006441,4
test_006442,6
test_006443,0
test_006444,4
test_006445,4
test_006446,4
test_006447,7
test_006448,8
test_006449,3
test_006450,5
test_006451,8
test_006452,6
test_006453,6
test_006454,6
test_006455,1
test_006456,5
test_006457,7
test_006458,7
test_006459,1
test_006460,7
test_006461,1
test_006462,3
test_006463,2
test_006464,3
test_006465,6
test_006466,8
test_006467,5
test_006468,2
test_006469,1
test_006470,0
test_006471,4
test_006472,7
test_006473,5
test_006474,8
test_006475,6
test_006476,9
test_006477,6
test_006478,3
test_006479,2
test_006480,0
test_006481,7
test_006482,7
test_006483,2
test_006484,2
test_006485,5
test_006486,2
test_006487,2
test_006488,1
test_006489,3
test_006490,9
test_006491,3
test_006492,3
test_006493,8
test_006494,9
test_006495,4
test_006496,8
test_006497,6
test_006498,8
test_006499,5
test_006500,9
test_006501,8
test_006502,9
test_006503,0
test_006504,4
test_006505,8
test_006506,0
test_006507,9
test_006508,9
test_006509,2
test_006510,1
test_006511,8
test_006512,4
test_006513,1
test_006514,5
test_006515,5
test_006516,9
test_006517,6
test_006518,2
test_006519,5
test_006520,1
test_006521,1
test_006522,0
test_006523,5
test_006524,1
test_006525,4
test_006526,6
test_006527,9
test_006528,1
test_006529,8
test_006530,3
test_006531,5
test_006532,2
test_006533,8
test_006534,7
test_006535,0
test_006536,6
test_006537,2
test_006538,5
test_006539,6
test_006540,8
test_006541,1
test_006542,8
test_006543,3
test_006544,6
test_006545,6
test_006546,0
test_006547,3
test_006548,0
test_006549,2
test_006550,1
test_006551,9
test_006552,1
test_006553,3
test_006554,3
test_006555,4
test_006556,9
test_006557,1
test_006558,2
test_006559,9
test_006560,2
test_006561,3
test_006562,3
test_006563,5
test_006564,6
test_006565,0
test_006566,6
test_006567,0
test_006568,4
test_006569,4
test_006570,4
test_006571,0
test_006572,6
test_006573,4
test_006574,0
test_006575,6
test_006576,0
test_006577,1
test_006578,1
test_006579,2
test_006580,5
test_006581,5
test_006582,3
test_006583,6
test_006584,0
test_006585,4
test_006586,2
test_006587,6
test_006588,1
test_006589,3
test_006590,7
test_006591,1
test_006592,2
test_006593,1
test_006594,4
test_006595,2
test_006596,7
test_006597,2
test_006598,7
test_006599,2
test_006600,6
test_006601,0
test_006602,1
test_006603,6
test_006604,3
test_006605,2
test_006606,3
test_006607,4
test_006608,5
test_006609,2
test_006610,3
test_006611,7
test_006612,4
test_006613,2
test_006614,5
test_006615,6
test_006616,2
test_006617,8
test_006618,9
test_006619,8
test_006620,9
test_006621,8
test_006622,9
test_006623,4
test_006624,3
test_006625,0
test_006626,6
test_006627,3
test_006628,1
test_006629,8
test_006630,1
test_006631,3
test_006632,2
test_006633,6
test_006634,4
test_006635,0
test_006636,5
test_006637,4
test_006638,8
test_006639,0
test_006640,8
test_006641,5
test_006642,3
test_006643,8
test_006644,2
test_006645,7
test_006646,7
test_006647,5
test_006648,2
test_006649,4
test_006650,5
test_006651,4
test_006652,9
test_006653,1
test_006654,3
test_006655,2
test_006656,6
test_006657,4
test_006658,8
test_006659,6
test_006660,7
test_006661,6
test_006662,5
test_006663,1
test_006664,9
test_006665,2
test_006666,3
test_006667,0
test_006668,2
test_006669,1
test_006670,0
test_006671,8
test_006672,5
test_006673,3
test_006674,9
test_006675,5
test_006676,4
test_006677,7
test_006678,2
test_006679,2
test_006680,2
test_006681,6
test_006682,3
test_006683,1
test_006684,3
test_006685,8
test_006686,9
test_006687,5
test_006688,3
test_006689,9
test_006690,7
test_006691,8
test_006692,5
test_006693,4
test_006694,0
test_006695,3
test_006696,4
test_006697,9
test_006698,6
test_006699,2
test_006700,1
test_006701,9
test_006702,6
test_006703,9
test_006704,7
test_006705,3
test_006706,1
test_006707,3
test_006708,0
test_006709,7
test_006710,0
test_006711,6
test_006712,6
test_006713,3
test_006714,2
test_006715,2
test_006716,7
test_006717,7
test_006718,5
test_006719,3
test_006720,5
test_006721,6
test_006722,7
test_006723,0
test_006724,3
test_006725,4
test_006726,3
test_006727,3
test_006728,3
test_006729,5
test_006730,2
test_006731,1
test_006732,0
test_006733,4
test_006734,1
test_006735,8
test_006736,3
test_006737,7
test_006738,9
test_006739,2
test_006740,2
test_006741,0
test_006742,0
test_006743,5
test_006744,3
test_006745,9
test_006746,4
test_006747,4
test_006748,4
test_006749,8
test_006750,1
test_006751,1
test_006752,7
test_006753,0
test_006754,9
test_006755,1
test_006756,2
test_006757,5
test_006758,2
test_006759,6
test_006760,6
test_006761,9
test_006762,6
test_006763,7
test_006764,5
test_006765,6
test_006766,7
test_006767,2
test_006768,4
test_006769,5
test_006770,5
test_006771,6
test_006772,6
test_006773,1
test_006774,3
test_006775,2
test_006776,9
test_006777,7
test_006778,5
test_006779,9
test_006780,9
test_006781,6
test_006782,5
test_006783,6
test_006784,1
test_006785,4
test_006786,9
test_006787,1
test_006788,9
test_006789,2
test_006790,3
test_006791,6
test_006792,2
test_006793,5
test_006794,0
test_006795,1
test_006796,7
test_006797,6
test_006798,5
test_006799,6
test_006800,3
test_006801,3
test_006802,7
test_006803,9
test_006804,2
test_006805,3
test_006806,3
test_006807,7
test_006808,4
test_006809,8
test_006810,5
test_006811,6
test_006812,7
test_006813,2
test_006814,4
test_006815,6
test_006816,3
test_006817,7
test_006818,5
test_006819,5
test_006820,8
test_006821,7
test_006822,4
test_006823,1
test_006824,4
test_006825,3
test_006826,7
test_006827,9
test_006828,8
test_006829,0
test_006830,6
test_006831,6
test_006832,9
test_006833,2
test_006834,0
test_006835,2
test_006836,7
test_006837,7
test_006838,7
test_006839,3
test_006840,6
test_006841,9
test_006842,4
test_006843,2
test_006844,4
test_006845,7
test_006846,4
test_006847,2
test_006848,6
test_006849,6
test_006850,8
test_006851,7
test_006852,1
test_006853,7
test_006854,6
test_006855,6
test_006856,8
test_006857,8
test_006858,9
test_006859,1
test_006860,7
test_006861,6
test_006862,8
test_006863,9
test_006864,7
test_006865,3
test_006866,1
test_006867,0
test_006868,3
test_006869,7
test_006870,0
test_006871,1
test_006872,5
test_006873,7
test_006874,6
test_006875,4
test_006876,0
test_006877,0
test_006878,1
test_006879,1
test_006880,2
test_006881,6
test_006882,5
test_006883,7
test_006884,9
test_006885,4
test_006886,0
test_006887,4
test_006888,0
test_006889,7
test_006890,9
test_006891,3
test_006892,7
test_006893,4
test_006894,0
test_006895,5
test_006896,8
test_006897,7
test_006898,9
test_006899,1
test_006900,6
test_006901,8
test_006902,7
test_006903,2
test_006904,4
test_006905,7
test_006906,0
test_006907,5
test_006908,7
test_006909,0
test_006910,2
test_006911,6
test_006912,0
test_006913,0
test_006914,2
test_006915,0
test_006916,9
test_006917,3
test_006918,1
test_006919,9
test_006920,3
test_006921,7
test_006922,8
test_006923,1
test_006924,1
test_006925,2
test_006926,0
test_006927,6
test_006928,1
test_006929,2
test_006930,5
test_006931,9
test_006932,5
test_006933,6
test_006934,5
test_006935,6
test_006936,1
test_006937,9
test_006938,5
test_006939,5
test_006940,1
test_006941,5
test_006942,3
test_006943,6
test_006944,2
test_006945,2
test_006946,9
test_006947,0
test_006948,6
test_006949,8
test_006950,3
test_006951,1
test_006952,0
test_006953,9
test_006954,7
test_006955,6
test_006956,2
test_006957,3
test_006958,2
test_006959,4
test_006960,9
test_006961,2
test_006962,7
test_006963,7
test_006964,7
test_006965,3
test_006966,6
test_006967,4
test_006968,4
test_006969,5
test_006970,4
test_006971,4
test_006972,6
test_006973,6
test_006974,6
test_006975,1
test_006976,0
test_006977,8
test_006978,8
test_006979,2
test_006980,0
test_006981,9
test_006982,6
test_006983,5
test_006984,5
test_006985,0
test_006986,6
test_006987,8
test_006988,1
test_006989,9
test_006990,8
test_006991,9
test_006992,7
test_006993,9
test_006994,1
test_006995,8
test_006996,4
test_006997,1
test_006998,8
test_006999,7
test_007000,5
test_007001,7
test_007002,5
test_007003,7
test_007004,1
test_007005,3
test_007006,7
test_007007,1
test_007008,9
test_007009,7
test_007010,0
test_007011,5
test_007012,9
test_007013,7
test_007014,1
test_007015,7
test_007016,6
test_007017,7
test_007018,9
test_007019,3
test_007020,8
test_007021,2
test_007022,7
test_007023,6
test_007024,9
test_007025,4
test_007026,2
test_007027,4
test_007028,9
test_007029,5
test_007030,3
test_007031,3
test_007032,0
test_007033,5
test_007034,4
test_007035,8
test_007036,4
test_007037,9
test_007038,5
test_007039,6
test_007040,8
test_007041,6
test_007042,3
test_007043,8
test_007044,5
test_007045,3
test_007046,9
test_007047,9
test_007048,6
test_007049,9
test_007050,1
test_007051,5
test_007052,8
test_007053,4
test_007054,5
test_007055,8
test_007056,3
test_007057,8
test_007058,1
test_007059,5
test_007060,6
test_007061,5
test_007062,2
test_007063,8
test_007064,8
test_007065,9
test_007066,8
test_007067,7
test_007068,8
test_007069,6
test_007070,8
test_007071,1
test_007072,0
test_007073,5
test_007074,1
test_007075,7
test_007076,4
test_007077,6
test_007078,1
test_007079,3
test_007080,2
test_007081,3
test_007082,2
test_007083,3
test_007084,6
test_007085,0
test_007086,6
test_007087,7
test_007088,7
test_007089,7
test_007090,9
test_007091,3
test_007092,5
test_007093,7
test_007094,1
test_007095,3
test_007096,4
test_007097,5
test_007098,2
test_007099,6
test_007100,5
test_007101,7
test_007102,1
test_007103,4
test_007104,8
test_007105,7
test_007106,1
test_007107,6
test_007108,0
test_007109,6
test_007110,4
test_007111,1
test_007112,8
test_007113,7
test_007114,6
test_007115,0
test_007116,8
test_007117,9
test_007118,0
test_007119,5
test_007120,1
test_007121,3
test_007122,6
test_007123,4
test_007124,5
test_007125,7
test_007126,2
test_007127,3
test_007128,4
test_007129,6
test_007130,0
test_007131,0
test_007132,8
test_007133,3
test_007134,2
test_007135,8
test_007136,6
test_007137,2
test_007138,2
test_007139,6
test_007140,6
test_007141,1
test_007142,0
test_007143,5
test_007144,3
test_007145,3
test_007146,5
test_007147,0
test_007148,3
test_007149,5
test_007150,7
test_007151,0
test_007152,0
test_007153,3
test_007154,2
test_007155,1
test_007156,0
test_007157,4
test_007158,0
test_007159,0
test_007160,3
test_007161,7
test_007162,2
test_007163,8
test_007164,9
test_007165,3
test_007166,8
test_007167,8
test_007168,2
test_007169,5
test_007170,1
test_007171,6
test_007172,0
test_007173,5
test_007174,2
test_007175,4
test_007176,5
test_007177,7
test_007178,8
test_007179,0
test_007180,5
test_007181,5
test_007182,7
test_007183,2
test_007184,4
test_007185,3
test_007186,3
test_007187,1
test_007188,1
test_007189,5
test_007190,1
test_007191,3
test_007192,6
test_007193,4
test_007194,6
test_007195,9
test_007196,0
test_007197,2
test_007198,7
test_007199,2
test_007200,2
test_007201,5
test_007202,4
test_007203,7
test_007204,5
test_007205,2
test_007206,8
test_007207,7
test_007208,6
test_007209,1
test_007210,5
test_007211,1
test_007212,6
test_007213,3
test_007214,9
test_007215,2
test_007216,0
test_007217,8
test_007218,6
test_007219,5
test_007220,5
test_007221,7
test_007222,4
test_007223,9
test_007224,3
test_007225,7
test_007226,0
test_007227,7
test_007228,0
test_007229,7
test_007230,8
test_007231,4
test_007232,3
test_007233,3
test_007234,7
test_007235,5
test_007236,6
test_007237,9
test_007238,1
test_007239,7
test_007240,0
test_007241,5
test_007242,8
test_007243,4
test_007244,4
test_007245,3
test_007246,5
test_007247,5
test_007248,6
test_007249,2
test_007250,2
test_007251,4
test_007252,8
test_007253,0
test_007254,9
test_007255,9
test_007256,4
test_007257,2
test_007258,4
test_007259,7
test_007260,1
test_007261,1
test_007262,3
test_007263,0
test_007264,1
test_007265,3
test_007266,5
test_007267,1
test_007268,1
test_007269,0
test_007270,8
test_007271,4
test_007272,9
test_007273,0
test_007274,8
test_007275,8
test_007276,0
test_007277,7
test_007278,4
test_007279,8
test_007280,6
test_007281,1
test_007282,7
test_007283,9
test_007284,9
test_007285,5
test_007286,4
test_007287,1
test_007288,5
test_007289,7
test_007290,6
test_007291,7
test_007292,0
test_007293,3
test_007294,5
test_007295,0
test_007296,7
test_007297,3
test_007298,1
test_007299,4
test_007300,5
test_007301,2
test_007302,8
test_007303,2
test_007304,8
test_007305,4
test_007306,7
test_007307,9
test_007308,5
test_007309,2
test_007310,1
test_007311,6
test_007312,6
test_007313,3
test_007314,8
test_007315,8
test_007316,0
test_007317,5
test_007318,5
test_007319,5
test_007320,8
test_007321,9
test_007322,2
test_007323,6
test_007324,5
test_007325,0
test_007326,2
test_007327,1
test_007328,4
test_007329,8
test_007330,8
test_007331,6
test_007332,6
test_007333,0
test_007334,1
test_007335,3
test_007336,3
test_007337,8
test_007338,6
test_007339,4
test_007340,6
test_007341,1
test_007342,1
test_007343,9
test_007344,2
test_007345,5
test_007346,8
test_007347,4
test_007348,1
test_007349,1
test_007350,0
test_007351,8
test_007352,8
test_007353,9
test_007354,0
test_007355,4
test_007356,0
test_007357,2
test_007358,1
test_007359,5
test_007360,6
test_007361,8
test_007362,1
test_007363,0
test_007364,4
test_007365,0
test_007366,7
test_007367,0
test_007368,3
test_007369,1
test_007370,5
test_007371,3
test_007372,5
test_007373,0
test_007374,4
test_007375,9
test_007376,9
test_007377,6
test_007378,7
test_007379,8
test_007380,9
test_007381,2
test_007382,0
test_007383,5
test_007384,9
test_007385,9
test_007386,4
test_007387,3
test_007388,7
test_007389,8
test_007390,7
test_007391,3
test_007392,4
test_007393,7
test_007394,7
test_007395,9
test_007396,7
test_007397,1
test_007398,3
test_007399,5
test_007400,8
test_007401,3
test_007402,8
test_007403,3
test_007404,4
test_007405,2
test_007406,3
test_007407,4
test_007408,1
test_007409,3
test_007410,1
test_007411,8
test_007412,5
test_007413,3
test_007414,6
test_007415,1
test_007416,3
test_007417,0
test_007418,6
test_007419,5
test_007420,5
test_007421,0
test_007422,9
test_007423,4
test_007424,8
test_007425,3
test_007426,1
test_007427,5
test_007428,2
test_007429,3
test_007430,3
test_007431,7
test_007432,6
test_007433,1
test_007434,3
test_007435,6
test_007436,2
test_007437,2
test_007438,5
test_007439,6
test_007440,5
test_007441,9
test_007442,8
test_007443,1
test_007444,9
test_007445,0
test_007446,3
test_007447,7
test_007448,9
test_007449,6
test_007450,8
test_007451,2
test_007452,6
test_007453,3
test_007454,8
test_007455,2
test_007456,4
test_007457,2
test_007458,9
test_007459,4
test_007460,6
test_007461,5
test_007462,4
test_007463,4
test_007464,5
test_007465,9
test_007466,7
test_007467,9
test_007468,6
test_007469,1
test_007470,9
test_007471,2
test_007472,1
test_007473,0
test_007474,0
test_007475,1
test_007476,6
test_007477,1
test_007478,2
test_007479,8
test_007480,0
test_007481,2
test_007482,9
test_007483,9
test_007484,2
test_007485,5
test_007486,4
test_007487,5
test_007488,8
test_007489,9
test_007490,4
test_007491,5
test_007492,5
test_007493,0
test_007494,6
test_007495,1
test_007496,8
test_007497,2
test_007498,2
test_007499,1
test_007500,5
test_007501,5
test_007502,3
test_007503,7
test_007504,1
test_007505,6
test_007506,9
test_007507,8
test_007508,7
test_007509,9
test_007510,1
test_007511,1
test_007512,9
test_007513,4
test_007514,3
test_007515,4
test_007516,2
test_007517,8
test_007518,0
test_007519,0
test_007520,8
test_007521,9
test_007522,4
test_007523,7
test_007524,3
test_007525,2
test_007526,1
test_007527,1
test_007528,9
test_007529,7
test_007530,5
test_007531,1
test_007532,2
test_007533,1
test_007534,9
test_007535,6
test_007536,1
test_007537,3
test_007538,2
test_007539,7
test_007540,1
test_007541,4
test_007542,6
test_007543,1
test_007544,4
test_007545,5
test_007546,6
test_007547,0
test_007548,2
test_007549,8
test_007550,0
test_007551,9
test_007552,8
test_007553,1
test_007554,1
test_007555,2
test_007556,2
test_007557,4
test_007558,3
test_007559,6
test_007560,7
test_007561,7
test_007562,6
test_007563,4
test_007564,6
test_007565,8
test_007566,1
test_007567,6
test_007568,3
test_007569,3
test_007570,8
test_007571,5
test_007572,5
test_007573,6
test_007574,7
test_007575,9
test_007576,2
test_007577,8
test_007578,7
test_007579,9
test_007580,5
test_007581,5
test_007582,9
test_007583,9
test_007584,4
test_007585,3
test_007586,8
test_007587,9
test_007588,2
test_007589,4
test_007590,9
test_007591,4
test_007592,0
test_007593,4
test_007594,7
test_007595,0
test_007596,6
test_007597,8
test_007598,9
test_007599,4
test_007600,9
test_007601,3
test_007602,9
test_007603,6
test_007604,2
test_007605,0
test_007606,8
test_007607,7
test_007608,9
test_007609,3
test_007610,3
test_007611,5
test_007612,5
test_007613,9
test_007614,8
test_007615,7
test_007616,6
test_007617,0
test_007618,2
test_007619,9
test_007620,6
test_007621,9
test_007622,1
test_007623,7
test_007624,8
test_007625,3
test_007626,7
test_007627,0
test_007628,5
test_007629,1
test_007630,2
test_007631,3
test_007632,3
test_007633,3
test_007634,0
test_007635,1
test_007636,4
test_007637,0
test_007638,4
test_007639,5
test_007640,4
test_007641,3
test_007642,3
test_007643,9
test_007644,4
test_007645,7
test_007646,8
test_007647,6
test_007648,8
test_007649,1
test_007650,3
test_007651,0
test_007652,9
test_007653,0
test_007654,6
test_007655,6
test_007656,0
test_007657,9
test_007658,7
test_007659,9
test_007660,6
test_007661,0
test_007662,9
test_007663,2
test_007664,3
test_007665,9
test_007666,6
test_007667,8
test_007668,8
test_007669,8
test_007670,5
test_007671,8
test_007672,4
test_007673,5
test_007674,0
test_007675,5
test_007676,7
test_007677,0
test_007678,8
test_007679,1
test_007680,5
test_007681,3
test_007682,3
test_007683,4
test_007684,7
test_007685,9
test_007686,6
test_007687,2
test_007688,5
test_007689,2
test_007690,3
test_007691,8
test_007692,7
test_007693,9
test_007694,3
test_007695,6
test_007696,1
test_007697,3
test_007698,5
test_007699,8
test_007700,5
test_007701,0
test_007702,7
test_007703,6
test_007704,1
test_007705,0
test_007706,2
test_007707,8
test_007708,6
test_007709,5
test_007710,4
test_007711,8
test_007712,8
test_007713,9
test_007714,7
test_007715,0
test_007716,7
test_007717,5
test_007718,8
test_007719,2
test_007720,8
test_007721,2
test_007722,0
test_007723,2
test_007724,7
test_007725,2
test_007726,4
test_007727,3
test_007728,0
test_007729,5
test_007730,9
test_007731,0
test_007732,8
test_007733,7
test_007734,9
test_007735,9
test_007736,1
test_007737,4
test_007738,1
test_007739,6
test_007740,6
test_007741,7
test_007742,3
test_007743,1
test_007744,2
test_007745,2
test_007746,0
test_007747,6
test_007748,7
test_007749,2
test_007750,6
test_007751,4
test_007752,9
test_007753,1
test_007754,1
test_007755,0
test_007756,3
test_007757,3
test_007758,1
test_007759,6
test_007760,2
test_007761,7
test_007762,7
test_007763,7
test_007764,0
test_007765,4
test_007766,8
test_007767,6
test_007768,9
test_007769,9
test_007770,3
test_007771,1
test_007772,1
test_007773,9
test_007774,6
test_007775,9
test_007776,9
test_007777,5
test_007778,0
test_007779,1
test_007780,8
test_007781,1
test_007782,1
test_007783,0
test_007784,6
test_007785,4
test_007786,7
test_007787,0
test_007788,8
test_007789,8
test_007790,3
test_007791,4
test_007792,3
test_007793,7
test_007794,4
test_007795,1
test_007796,2
test_007797,1
test_007798,6
test_007799,1
test_007800,4
test_007801,4
test_007802,5
test_007803,7
test_007804,9
test_007805,0
test_007806,9
test_007807,3
test_007808,6
test_007809,4
test_007810,5
test_007811,8
test_007812,4
test_007813,2
test_007814,8
test_007815,1
test_007816,8
test_007817,2
test_007818,8
test_007819,4
test_007820,4
test_007821,8
test_007822,7
test_007823,6
test_007824,6
test_007825,4
test_007826,8
test_007827,2
test_007828,9
test_007829,1
test_007830,8
test_007831,9
test_007832,6
test_007833,3
test_007834,1
test_007835,4
test_007836,2
test_007837,6
test_007838,5
test_007839,8
test_007840,8
test_007841,1
test_007842,9
test_007843,5
test_007844,4
test_007845,8
test_007846,6
test_007847,9
test_007848,6
test_007849,6
test_007850,6
test_007851,6
test_007852,0
test_007853,2
test_007854,3
test_007855,9
test_007856,0
test_007857,5
test_007858,7
test_007859,2
test_007860,4
test_007861,4
test_007862,1
test_007863,9
test_007864,2
test_007865,8
test_007866,7
test_007867,6
test_007868,6
test_007869,4
test_007870,3
test_007871,5
test_007872,5
test_007873,4
test_007874,4
test_007875,9
test_007876,3
test_007877,8
test_007878,4
test_007879,5
test_007880,3
test_007881,9
test_007882,9
test_007883,9
test_007884,8
test_007885,0
test_007886,4
test_007887,6
test_007888,4
test_007889,2
test_007890,9
test_007891,6
test_007892,3
test_007893,4
test_007894,7
test_007895,8
test_007896,8
test_007897,8
test_007898,1
test_007899,2
test_007900,0
test_007901,9
test_007902,2
test_007903,1
test_007904,4
test_007905,8
test_007906,0
test_007907,9
test_007908,0
test_007909,5
test_007910,1
test_007911,9
test_007912,1
test_007913,5
test_007914,9
test_007915,2
test_007916,2
test_007917,4
test_007918,6
test_007919,6
test_007920,7
test_007921,8
test_007922,5
test_007923,1
test_007924,5
test_007925,8
test_007926,9
test_007927,8
test_007928,6
test_007929,1
test_007930,0
test_007931,1
test_007932,1
test_007933,9
test_007934,7
test_007935,3
test_007936,1
test_007937,8
test_007938,8
test_007939,0
test_007940,3
test_007941,5
test_007942,6
test_007943,0
test_007944,2
test_007945,8
test_007946,1
test_007947,4
test_007948,6
test_007949,8
test_007950,1
test_007951,5
test_007952,2
test_007953,8
test_007954,7
test_007955,6
test_007956,8
test_007957,9
test_007958,8
test_007959,4
test_007960,4
test_007961,1
test_007962,6
test_007963,4
test_007964,9
test_007965,2
test_007966,5
test_007967,7
test_007968,7
test_007969,6
test_007970,9
test_007971,8
test_007972,1
test_007973,5
test_007974,3
test_007975,7
test_007976,1
test_007977,2
test_007978,0
test_007979,0
test_007980,4
test_007981,2
test_007982,7
test_007983,4
test_007984,2
test_007985,8
test_007986,1
test_007987,2
test_007988,9
test_007989,2
test_007990,3
test_007991,4
test_007992,3
test_007993,9
test_007994,9
test_007995,6
test_007996,6
test_007997,8
test_007998,3
test_007999,3
test_008000,2
test_008001,6
test_008002,7
test_008003,9
test_008004,9
test_008005,1
test_008006,6
test_008007,0
test_008008,0
test_008009,9
test_008010,8
test_008011,4
test_008012,0
test_008013,2
test_008014,4
test_008015,7
test_008016,5
test_008017,0
test_008018,9
test_008019,0
test_008020,2
test_008021,2
test_008022,6
test_008023,0
test_008024,9
test_008025,4
test_008026,9
test_008027,6
test_008028,3
test_008029,1
test_008030,3
test_008031,6
test_008032,6
test_008033,3
test_008034,9
test_008035,7
test_008036,3
test_008037,3
test_008038,8
test_008039,4
test_008040,1
test_008041,2
test_008042,7
test_008043,6
test_008044,6
test_008045,1
test_008046,4
test_008047,0
test_008048,7
test_008049,1
test_008050,1
test_008051,6
test_008052,6
test_008053,7
test_008054,0
test_008055,6
test_008056,9
test_008057,1
test_008058,4
test_008059,6
test_008060,1
test_008061,0
test_008062,3
test_008063,0
test_008064,1
test_008065,8
test_008066,8
test_008067,9
test_008068,9
test_008069,8
test_008070,0
test_008071,7
test_008072,2
test_008073,1
test_008074,5
test_008075,9
test_008076,0
test_008077,2
test_008078,4
test_008079,0
test_008080,1
test_008081,9
test_008082,2
test_008083,0
test_008084,6
test_008085,2
test_008086,4
test_008087,5
test_008088,9
test_008089,5
test_008090,1
test_008091,3
test_008092,6
test_008093,3
test_008094,7
test_008095,4
test_008096,0
test_008097,7
test_008098,1
test_008099,1
test_008100,6
test_008101,6
test_008102,2
test_008103,3
test_008104,2
test_008105,7
test_008106,3
test_008107,2
test_008108,3
test_008109,8
test_008110,9
test_008111,3
test_008112,5
test_008113,2
test_008114,8
test_008115,8
test_008116,4
test_008117,8
test_008118,9
test_008119,6
test_008120,6
test_008121,8
test_008122,2
test_008123,2
test_008124,7
test_008125,3
test_008126,0
test_008127,6
test_008128,3
test_008129,5
test_008130,0
test_008131,8
test_008132,9
test_008133,4
test_008134,3
test_008135,1
test_008136,9
test_008137,6
test_008138,0
test_008139,7
test_008140,4
test_008141,7
test_008142,5
test_008143,1
test_008144,6
test_008145,3
test_008146,2
test_008147,4
test_008148,3
test_008149,9
test_008150,9
test_008151,7
test_008152,6
test_008153,2
test_008154,8
test_008155,1
test_008156,4
test_008157,5
test_008158,8
test_008159,5
test_008160,5
test_008161,7
test_008162,8
test_008163,9
test_008164,2
test_008165,4
test_008166,2
test_008167,0
test_008168,6
test_008169,8
test_008170,4
test_008171,8
test_008172,7
test_008173,4
test_008174,5
test_008175,9
test_008176,0
test_008177,8
test_008178,0
test_008179,6
test_008180,4
test_008181,5
test_008182,8
test_008183,7
test_008184,6
test_008185,1
test_008186,4
test_008187,0
test_008188,9
test_008189,2
test_008190,8
test_008191,0
test_008192,1
test_008193,8
test_008194,1
test_008195,8
test_008196,0
test_008197,8
test_008198,8
test_008199,7
test_008200,4
test_008201,5
test_008202,7
test_008203,8
test_008204,1
test_008205,8
test_008206,4
test_008207,5
test_008208,2
test_008209,2
test_008210,9
test_008211,8
test_008212,2
test_008213,1
test_008214,2
test_008215,8
test_008216,8
test_008217,7
test_008218,8
test_008219,7
test_008220,4
test_008221,1
test_008222,7
test_008223,7
test_008224,9
test_008225,1
test_008226,6
test_008227,4
test_008228,7
test_008229,8
test_008230,1
test_008231,0
test_008232,4
test_008233,2
test_008234,1
test_008235,5
test_008236,5
test_008237,9
test_008238,7
test_008239,5
test_008240,3
test_008241,5
test_008242,4
test_008243,8
test_008244,2
test_008245,9
test_008246,3
test_008247,6
test_008248,9
test_008249,5
test_008250,8
test_008251,0
test_008252,3
test_008253,7
test_008254,9
test_008255,6
test_008256,1
test_008257,8
test_008258,2
test_008259,7
test_008260,4
test_008261,5
test_008262,5
test_008263,9
test_008264,0
test_008265,2
test_008266,5
test_008267,5
test_008268,5
test_008269,4
test_008270,5
test_008271,6
test_008272,7
test_008273,1
test_008274,7
test_008275,4
test_008276,4
test_008277,1
test_008278,0
test_008279,8
test_008280,6
test_008281,3
test_008282,2
test_008283,9
test_008284,2
test_008285,5
test_008286,0
test_008287,9
test_008288,2
test_008289,1
test_008290,6
test_008291,7
test_008292,4
test_008293,8
test_008294,0
test_008295,6
test_008296,7
test_008297,3
test_008298,4
test_008299,0
test_008300,9
test_008301,3
test_008302,9
test_008303,5
test_008304,8
test_008305,0
test_008306,9
test_008307,7
test_008308,2
test_008309,8
test_008310,1
test_008311,0
test_008312,3
test_008313,2
test_008314,3
test_008315,4
test_008316,9
test_008317,5
test_008318,5
test_008319,1
test_008320,0
test_008321,9
test_008322,0
test_008323,4
test_008324,8
test_008325,0
test_008326,4
test_008327,7
test_008328,5
test_008329,0
test_008330,6
test_008331,8
test_008332,1
test_008333,3
test_008334,6
test_008335,6
test_008336,4
test_008337,5
test_008338,2
test_008339,2
test_008340,6
test_008341,8
test_008342,8
test_008343,4
test_008344,6
test_008345,6
test_008346,0
test_008347,4
test_008348,5
test_008349,3
test_008350,1
test_008351,0
test_008352,6
test_008353,9
test_008354,2
test_008355,2
test_008356,5
test_008357,5
test_008358,4
test_008359,9
test_008360,2
test_008361,9
test_008362,8
test_008363,3
test_008364,1
test_008365,4
test_008366,9
test_008367,2
test_008368,2
test_008369,7
test_008370,5
test_008371,5
test_008372,1
test_008373,3
test_008374,0
test_008375,3
test_008376,0
test_008377,1
test_008378,6
test_008379,8
test_008380,0
test_008381,0
test_008382,0
test_008383,3
test_008384,0
test_008385,0
test_008386,7
test_008387,5
test_008388,0
test_008389,7
test_008390,8
test_008391,6
test_008392,9
test_008393,4
test_008394,8
test_008395,9
test_008396,2
test_008397,8
test_008398,2
test_008399,7
test_008400,8
test_008401,9
test_008402,4
test_008403,3
test_008404,2
test_008405,1
test_008406,2
test_008407,5
test_008408,6
test_008409,4
test_008410,4
test_008411,6
test_008412,6
test_008413,5
test_008414,8
test_008415,3
test_008416,6
test_008417,6
test_008418,7
test_008419,7
test_008420,8
test_008421,3
test_008422,2
test_008423,7
test_008424,3
test_008425,4
test_008426,7
test_008427,4
test_008428,1
test_008429,5
test_008430,4
test_008431,8
test_008432,9
test_008433,4
test_008434,0
test_008435,0
test_008436,2
test_008437,0
test_008438,2
test_008439,8
test_008440,9
test_008441,8
test_008442,8
test_008443,2
test_008444,6
test_008445,4
test_008446,6
test_008447,2
test_008448,5
test_008449,0
test_008450,2
test_008451,6
test_008452,0
test_008453,4
test_008454,7
test_008455,1
test_008456,5
test_008457,5
test_008458,9
test_008459,8
test_008460,9
test_008461,0
test_008462,0
test_008463,8
test_008464,1
test_008465,5
test_008466,3
test_008467,6
test_008468,8
test_008469,5
test_008470,0
test_008471,2
test_008472,3
test_008473,8
test_008474,6
test_008475,4
test_008476,4
test_008477,8
test_008478,2
test_008479,5
test_008480,1
test_008481,4
test_008482,6
test_008483,7
test_008484,5
test_008485,7
test_008486,0
test_008487,1
test_008488,7
test_008489,2
test_008490,6
test_008491,6
test_008492,4
test_008493,9
test_008494,0
test_008495,0
test_008496,2
test_008497,7
test_008498,0
test_008499,9
test_008500,8
test_008501,1
test_008502,6
test_008503,1
test_008504,9
test_008505,6
test_008506,2
test_008507,7
test_008508,5
test_008509,3
test_008510,0
test_008511,2
test_008512,4
test_008513,5
test_008514,4
test_008515,5
test_008516,3
test_008517,0
test_008518,5
test_008519,4
test_008520,3
test_008521,5
test_008522,7
test_008523,5
test_008524,7
test_008525,7
test_008526,1
test_008527,4
test_008528,5
test_008529,5
test_008530,7
test_008531,6
test_008532,0
test_008533,6
test_008534,9
test_008535,2
test_008536,0
test_008537,5
test_008538,2
test_008539,5
test_008540,6
test_008541,7
test_008542,3
test_008543,5
test_008544,8
test_008545,9
test_008546,1
test_008547,4
test_008548,0
test_008549,5
test_008550,6
test_008551,9
test_008552,8
test_008553,3
test_008554,4
test_008555,4
test_008556,1
test_008557,5
test_008558,2
test_008559,6
test_008560,5
test_008561,1
test_008562,3
test_008563,0
test_008564,8
test_008565,7
test_008566,0
test_008567,8
test_008568,6
test_008569,1
test_008570,5
test_008571,9
test_008572,5
test_008573,0
test_008574,7
test_008575,0
test_008576,3
test_008577,2
test_008578,1
test_008579,8
test_008580,5
test_008581,3
test_008582,0
test_008583,0
test_008584,8
test_008585,4
test_008586,4
test_008587,0
test_008588,7
test_008589,4
test_008590,2
test_008591,6
test_008592,0
test_008593,2
test_008594,8
test_008595,5
test_008596,9
test_008597,8
test_008598,7
test_008599,5
test_008600,8
test_008601,1
test_008602,2
test_008603,7
test_008604,4
test_008605,1
test_008606,8
test_008607,6
test_008608,7
test_008609,9
test_008610,2
test_008611,3
test_008612,1
test_008613,0
test_008614,6
test_008615,3
test_008616,1
test_008617,2
test_008618,6
test_008619,8
test_008620,4
test_008621,1
test_008622,0
test_008623,0
test_008624,3
test_008625,7
test_008626,7
test_008627,6
test_008628,0
test_008629,7
test_008630,1
test_008631,2
test_008632,8
test_008633,9
test_008634,3
test_008635,1
test_008636,4
test_008637,6
test_008638,6
test_008639,7
test_008640,5
test_008641,4
test_008642,1
test_008643,0
test_008644,5
test_008645,1
test_008646,1
test_008647,3
test_008648,9
test_008649,8
test_008650,2
test_008651,8
test_008652,9
test_008653,0
test_008654,7
test_008655,7
test_008656,6
test_008657,7
test_008658,0
test_008659,4
test_008660,5
test_008661,1
test_008662,2
test_008663,8
test_008664,8
test_008665,4
test_008666,5
test_008667,9
test_008668,6
test_008669,1
test_008670,3
test_008671,2
test_008672,1
test_008673,2
test_008674,5
test_008675,5
test_008676,9
test_008677,5
test_008678,2
test_008679,8
test_008680,9
test_008681,4
test_008682,8
test_008683,0
test_008684,3
test_008685,8
test_008686,1
test_008687,6
test_008688,8
test_008689,2
test_008690,3
test_008691,7
test_008692,4
test_008693,7
test_008694,7
test_008695,5
test_008696,9
test_008697,6
test_008698,1
test_008699,7
test_008700,4
test_008701,1
test_008702,8
test_008703,4
test_008704,7
test_008705,6
test_008706,4
test_008707,2
test_008708,7
test_008709,4
test_008710,2
test_008711,6
test_008712,5
test_008713,8
test_008714,2
test_008715,4
test_008716,1
test_008717,7
test_008718,8
test_008719,3
test_008720,9
test_008721,2
test_008722,3
test_008723,7
test_008724,5
test_008725,1
test_008726,9
test_008727,4
test_008728,0
test_008729,4
test_008730,0
test_008731,6
test_008732,5
test_008733,3
test_008734,3
test_008735,7
test_008736,0
test_008737,4
test_008738,8
test_008739,0
test_008740,7
test_008741,9
test_008742,9
test_008743,4
test_008744,4
test_008745,1
test_008746,6
test_008747,2
test_008748,8
test_008749,0
test_008750,2
test_008751,5
test_008752,4
test_008753,6
test_008754,2
test_008755,8
test_008756,5
test_008757,2
test_008758,9
test_008759,7
test_008760,1
test_008761,9
test_008762,5
test_008763,2
test_008764,6
test_008765,3
test_008766,2
test_008767,3
test_008768,7
test_008769,1
test_008770,4
test_008771,4
test_008772,3
test_008773,5
test_008774,4
test_008775,1
test_008776,5
test_008777,1
test_008778,7
test_008779,9
test_008780,3
test_008781,6
test_008782,1
test_008783,6
test_008784,7
test_008785,7
test_008786,8
test_008787,8
test_008788,9
test_008789,2
test_008790,4
test_008791,8
test_008792,2
test_008793,9
test_008794,2
test_008795,0
test_008796,2
test_008797,3
test_008798,2
test_008799,0
test_008800,6
test_008801,6
test_008802,4
test_008803,9
test_008804,2
test_008805,0
test_008806,6
test_008807,8
test_008808,8
test_008809,4
test_008810,0
test_008811,1
test_008812,7
test_008813,7
test_008814,3
test_008815,6
test_008816,1
test_008817,7
test_008818,1
test_008819,5
test_008820,7
test_008821,0
test_008822,7
test_008823,3
test_008824,3
test_008825,4
test_008826,3
test_008827,7
test_008828,6
test_008829,1
test_008830,3
test_008831,8
test_008832,2
test_008833,9
test_008834,6
test_008835,3
test_008836,7
test_008837,1
test_008838,4
test_008839,6
test_008840,3
test_008841,0
test_008842,7
test_008843,7
test_008844,9
test_008845,7
test_008846,3
test_008847,0
test_008848,9
test_008849,3
test_008850,1
test_008851,9
test_008852,6
test_008853,2
test_008854,8
test_008855,6
test_008856,6
test_008857,6
test_008858,6
test_008859,9
test_008860,8
test_008861,9
test_008862,4
test_008863,5
test_008864,5
test_008865,9
test_008866,2
test_008867,9
test_008868,3
test_008869,0
test_008870,5
test_008871,5
test_008872,9
test_008873,6
test_008874,2
test_008875,9
test_008876,6
test_008877,3
test_008878,8
test_008879,1
test_008880,4
test_008881,7
test_008882,6
test_008883,9
test_008884,5
test_008885,1
test_008886,0
test_008887,4
test_008888,9
test_008889,7
test_008890,4
test_008891,3
test_008892,9
test_008893,0
test_008894,9
test_008895,9
test_008896,0
test_008897,1
test_008898,9
test_008899,7
test_008900,0
test_008901,2
test_008902,8
test_008903,7
test_008904,2
test_008905,7
test_008906,9
test_008907,7
test_008908,1
test_008909,4
test_008910,2
test_008911,7
test_008912,9
test_008913,2
test_008914,0
test_008915,6
test_008916,7
test_008917,3
test_008918,9
test_008919,3
test_008920,7
test_008921,6
test_008922,8
test_008923,2
test_008924,6
test_008925,5
test_008926,5
test_008927,9
test_008928,9
test_008929,6
test_008930,4
test_008931,2
test_008932,4
test_008933,6
test_008934,9
test_008935,9
test_008936,9
test_008937,7
test_008938,7
test_008939,1
test_008940,2
test_008941,1
test_008942,2
test_008943,6
test_008944,3
test_008945,3
test_008946,1
test_008947,4
test_008948,3
test_008949,7
test_008950,4
test_008951,1
test_008952,0
test_008953,9
test_008954,4
test_008955,7
test_008956,9
test_008957,1
test_008958,6
test_008959,3
test_008960,9
test_008961,3
test_008962,0
test_008963,2
test_008964,3
test_008965,7
test_008966,4
test_008967,9
test_008968,1
test_008969,2
test_008970,3
test_008971,2
test_008972,5
test_008973,7
test_008974,6
test_008975,5
test_008976,9
test_008977,5
test_008978,5
test_008979,4
test_008980,0
test_008981,5
test_008982,1
test_008983,2
test_008984,8
test_008985,8
test_008986,7
test_008987,8
test_008988,4
test_008989,4
test_008990,7
test_008991,8
test_008992,4
test_008993,5
test_008994,0
test_008995,6
test_008996,4
test_008997,4
test_008998,8
test_008999,5
test_009000,6
test_009001,7
test_009002,2
test_009003,7
test_009004,5
test_009005,3
test_009006,0
test_009007,6
test_009008,4
test_009009,9
test_009010,9
test_009011,0
test_009012,4
test_009013,4
test_009014,5
test_009015,2
test_009016,6
test_009017,8
test_009018,7
test_009019,9
test_009020,6
test_009021,3
test_009022,6
test_009023,9
test_009024,4
test_009025,2
test_009026,6
test_009027,0
test_009028,6
test_009029,6
test_009030,3
test_009031,5
test_009032,6
test_009033,0
test_009034,6
test_009035,6
test_009036,0
test_009037,2
test_009038,1
test_009039,0
test_009040,1
test_009041,1
test_009042,9
test_009043,4
test_009044,6
test_009045,7
test_009046,7
test_009047,9
test_009048,7
test_009049,0
test_009050,6
test_009051,7
test_009052,1
test_009053,9
test_009054,3
test_009055,4
test_009056,1
test_009057,9
test_009058,9
test_009059,8
test_009060,6
test_009061,3
test_009062,0
test_009063,6
test_009064,9
test_009065,8
test_009066,6
test_009067,4
test_009068,8
test_009069,8
test_009070,3
test_009071,2
test_009072,5
test_009073,8
test_009074,3
test_009075,6
test_009076,1
test_009077,4
test_009078,0
test_009079,0
test_009080,1
test_009081,9
test_009082,5
test_009083,7
test_009084,7
test_009085,2
test_009086,7
test_009087,9
test_009088,2
test_009089,4
test_009090,9
test_009091,5
test_009092,7
test_009093,7
test_009094,2
test_009095,1
test_009096,0
test_009097,4
test_009098,6
test_009099,2
test_009100,5
test_009101,8
test_009102,4
test_009103,8
test_009104,5
test_009105,0
test_009106,9
test_009107,6
test_009108,6
test_009109,9
test_009110,7
test_009111,6
test_009112,3
test_009113,2
test_009114,2
test_009115,2
test_009116,5
test_009117,5
test_009118,6
test_009119,7
test_009120,6
test_009121,9
test_009122,9
test_009123,0
test_009124,7
test_009125,3
test_009126,4
test_009127,1
test_009128,8
test_009129,9
test_009130,5
test_009131,5
test_009132,3
test_009133,5
test_009134,7
test_009135,0
test_009136,8
test_009137,7
test_009138,7
test_009139,9
test_009140,0
test_009141,9
test_009142,8
test_009143,7
test_009144,9
test_009145,0
test_009146,9
test_009147,9
test_009148,8
test_009149,9
test_009150,0
test_009151,6
test_009152,8
test_009153,8
test_009154,8
test_009155,0
test_009156,9
test_009157,3
test_009158,3
test_009159,0
test_009160,3
test_009161,6
test_009162,4
test_009163,4
test_009164,5
test_009165,8
test_009166,5
test_009167,1
test_009168,1
test_009169,8
test_009170,1
test_009171,1
test_009172,7
test_009173,4
test_009174,0
test_009175,2
test_009176,6
test_009177,2
test_009178,4
test_009179,2
test_009180,8
test_009181,2
test_009182,3
test_009183,1
test_009184,4
test_009185,1
test_009186,4
test_009187,8
test_009188,5
test_009189,1
test_009190,5
test_009191,9
test_009192,0
test_009193,4
test_009194,9
test_009195,6
test_009196,1
test_009197,5
test_009198,8
test_009199,0
test_009200,6
test_009201,2
test_009202,4
test_009203,0
test_009204,9
test_009205,8
test_009206,8
test_009207,7
test_009208,8
test_009209,2
test_009210,3
test_009211,9
test_009212,5
test_009213,6
test_009214,4
test_009215,6
test_009216,8
test_009217,8
test_009218,1
test_009219,8
test_009220,4
test_009221,4
test_009222,2
test_009223,5
test_009224,3
test_009225,2
test_009226,7
test_009227,1
test_009228,1
test_009229,4
test_009230,3
test_009231,1
test_009232,2
test_009233,9
test_009234,0
test_009235,5
test_009236,4
test_009237,5
test_009238,7
test_009239,0
test_009240,6
test_009241,5
test_009242,2
test_009243,2
test_009244,0
test_009245,3
test_009246,1
test_009247,0
test_009248,4
test_009249,9
test_009250,2
test_009251,4
test_009252,6
test_009253,6
test_009254,1
test_009255,0
test_009256,5
test_009257,1
test_009258,6
test_009259,9
test_009260,0
test_009261,0
test_009262,6
test_009263,6
test_009264,6
test_009265,8
test_009266,8
test_009267,4
test_009268,0
test_009269,6
test_009270,8
test_009271,8
test_009272,8
test_009273,5
test_009274,3
test_009275,4
test_009276,2
test_009277,0
test_009278,4
test_009279,4
test_009280,2
test_009281,3
test_009282,5
test_009283,1
test_009284,3
test_009285,1
test_009286,6
test_009287,4
test_009288,3
test_009289,6
test_009290,0
test_009291,8
test_009292,2
test_009293,1
test_009294,3
test_009295,3
test_009296,4
test_009297,8
test_009298,9
test_009299,7
test_009300,6
test_009301,1
test_009302,3
test_009303,3
test_009304,0
test_009305,4
test_009306,7
test_009307,9
test_009308,7
test_009309,9
test_009310,2
test_009311,1
test_009312,7
test_009313,0
test_009314,8
test_009315,4
test_009316,6
test_009317,2
test_009318,7
test_009319,5
test_009320,1
test_009321,1
test_009322,6
test_009323,5
test_009324,9
test_009325,1
test_009326,2
test_009327,3
test_009328,4
test_009329,4
test_009330,5
test_009331,3
test_009332,3
test_009333,5
test_009334,8
test_009335,9
test_009336,2
test_009337,6
test_009338,5
test_009339,7
test_009340,3
test_009341,2
test_009342,7
test_009343,6
test_009344,8
test_009345,5
test_009346,2
test_009347,4
test_009348,1
test_009349,9
test_009350,0
test_009351,2
test_009352,3
test_009353,0
test_009354,7
test_009355,6
test_009356,5
test_009357,2
test_009358,2
test_009359,6
test_009360,6
test_009361,2
test_009362,9
test_009363,5
test_009364,0
test_009365,8
test_009366,2
test_009367,0
test_009368,2
test_009369,8
test_009370,5
test_009371,9
test_009372,1
test_009373,4
test_009374,0
test_009375,7
test_009376,9
test_009377,4
test_009378,9
test_009379,0
test_009380,6
test_009381,9
test_009382,5
test_009383,0
test_009384,3
test_009385,1
test_009386,6
test_009387,6
test_009388,2
test_009389,6
test_009390,4
test_009391,1
test_009392,9
test_009393,3
test_009394,4
test_009395,5
test_009396,8
test_009397,5
test_009398,8
test_009399,8
test_009400,4
test_009401,9
test_009402,5
test_009403,5
test_009404,0
test_009405,4
test_009406,7
test_009407,6
test_009408,6
test_009409,8
test_009410,7
test_009411,0
test_009412,7
test_009413,3
test_009414,9
test_009415,7
test_009416,9
test_009417,7
test_009418,9
test_009419,8
test_009420,8
test_009421,9
test_009422,1
test_009423,6
test_009424,8
test_009425,9
test_009426,7
test_009427,7
test_009428,6
test_009429,3
test_009430,6
test_009431,6
test_009432,6
test_009433,6
test_009434,0
test_009435,2
test_009436,7
test_009437,4
test_009438,0
test_009439,7
test_009440,9
test_009441,2
test_009442,5
test_009443,4
test_009444,3
test_009445,8
test_009446,3
test_009447,5
test_009448,5
test_009449,5
test_009450,2
test_009451,9
test_009452,3
test_009453,3
test_009454,7
test_009455,1
test_009456,8
test_009457,3
test_009458,6
test_009459,2
test_009460,9
test_009461,6
test_009462,9
test_009463,4
test_009464,7
test_009465,4
test_009466,0
test_009467,1
test_009468,1
test_009469,5
test_009470,0
test_009471,6
test_009472,1
test_009473,0
test_009474,7
test_009475,7
test_009476,7
test_009477,2
test_009478,5
test_009479,6
test_009480,7
test_009481,1
test_009482,1
test_009483,6
test_009484,9
test_009485,0
test_009486,9
test_009487,9
test_009488,6
test_009489,7
test_009490,4
test_009491,9
test_009492,7
test_009493,4
test_009494,8
test_009495,1
test_009496,6
test_009497,2
test_009498,6
test_009499,5
test_009500,8
test_009501,8
test_009502,6
test_009503,8
test_009504,6
test_009505,6
test_009506,4
test_009507,2
test_009508,2
test_009509,9
test_009510,9
test_009511,9
test_009512,0
test_009513,1
test_009514,7
test_009515,5
test_009516,3
test_009517,5
test_009518,7
test_009519,3
test_009520,3
test_009521,8
test_009522,0
test_009523,0
test_009524,1
test_009525,2
test_009526,4
test_009527,0
test_009528,7
test_009529,7
test_009530,0
test_009531,7
test_009532,4
test_009533,8
test_009534,0
test_009535,8
test_009536,9
test_009537,8
test_009538,7
test_009539,7
test_009540,2
test_009541,1
test_009542,3
test_009543,0
test_009544,0
test_009545,4
test_009546,3
test_009547,2
test_009548,1
test_009549,6
test_009550,0
test_009551,2
test_009552,4
test_009553,0
test_009554,0
test_009555,3
test_009556,9
test_009557,1
test_009558,0
test_009559,3
test_009560,4
test_009561,3
test_009562,9
test_009563,1
test_009564,0
test_009565,2
test_009566,0
test_009567,5
test_009568,8
test_009569,9
test_009570,7
test_009571,9
test_009572,6
test_009573,0
test_009574,8
test_009575,7
test_009576,4
test_009577,1
test_009578,1
test_009579,0
test_009580,7
test_009581,2
test_009582,7
test_009583,0
test_009584,2
test_009585,4
test_009586,9
test_009587,7
test_009588,8
test_009589,0
test_009590,9
test_009591,2
test_009592,2
test_009593,0
test_009594,5
test_009595,2
test_009596,1
test_009597,7
test_009598,6
test_009599,2
test_009600,4
test_009601,9
test_009602,2
test_009603,9
test_009604,8
test_009605,2
test_009606,6
test_009607,0
test_009608,1
test_009609,9
test_009610,6
test_009611,4
test_009612,1
test_009613,8
test_009614,6
test_009615,9
test_009616,5
test_009617,0
test_009618,7
test_009619,0
test_009620,2
test_009621,1
test_009622,3
test_009623,5
test_009624,3
test_009625,1
test_009626,7
test_009627,5
test_009628,7
test_009629,6
test_009630,9
test_009631,8
test_009632,7
test_009633,6
test_009634,0
test_009635,6
test_009636,5
test_009637,2
test_009638,5
test_009639,7
test_009640,4
test_009641,5
test_009642,7
test_009643,5
test_009644,9
test_009645,3
test_009646,0
test_009647,7
test_009648,7
test_009649,8
test_009650,0
test_009651,9
test_009652,7
test_009653,4
test_009654,1
test_009655,9
test_009656,5
test_009657,1
test_009658,4
test_009659,6
test_009660,3
test_009661,5
test_009662,7
test_009663,1
test_009664,9
test_009665,4
test_009666,1
test_009667,5
test_009668,3
test_009669,2
test_009670,3
test_009671,3
test_009672,5
test_009673,1
test_009674,8
test_009675,3
test_009676,3
test_009677,4
test_009678,4
test_009679,2
test_009680,3
test_009681,0
test_009682,9
test_009683,7
test_009684,6
test_009685,5
test_009686,2
test_009687,0
test_009688,6
test_009689,0
test_009690,5
test_009691,1
test_009692,2
test_009693,6
test_009694,9
test_009695,0
test_009696,4
test_009697,0
test_009698,0
test_009699,2
test_009700,7
test_009701,4
test_009702,5
test_009703,3
test_009704,0
test_009705,3
test_009706,1
test_009707,3
test_009708,5
test_009709,5
test_009710,8
test_009711,6
test_009712,3
test_009713,9
test_009714,1
test_009715,5
test_009716,0
test_009717,7
test_009718,8
test_009719,3
test_009720,4
test_009721,8
test_009722,7
test_009723,6
test_009724,2
test_009725,7
test_009726,8
test_009727,8
test_009728,8
test_009729,2
test_009730,9
test_009731,4
test_009732,3
test_009733,4
test_009734,7
test_009735,6
test_009736,9
test_009737,2
test_009738,0
test_009739,7
test_009740,8
test_009741,2
test_009742,3
test_009743,6
test_009744,5
test_009745,6
test_009746,8
test_009747,0
test_009748,3
test_009749,8
test_009750,1
test_009751,7
test_009752,8
test_009753,8
test_009754,3
test_009755,5
test_009756,8
test_009757,1
test_009758,5
test_009759,0
test_009760,0
test_009761,3
test_009762,6
test_009763,9
test_009764,5
test_009765,2
test_009766,4
test_009767,6
test_009768,5
test_009769,8
test_009770,2
test_009771,4
test_009772,3
test_009773,1
test_009774,2
test_009775,7
test_009776,8
test_009777,2
test_009778,6
test_009779,1
test_009780,6
test_009781,0
test_009782,1
test_009783,3
test_009784,1
test_009785,8
test_009786,1
test_009787,6
test_009788,6
test_009789,8
test_009790,7
test_009791,0
test_009792,5
test_009793,3
test_009794,1
test_009795,8
test_009796,1
test_009797,2
test_009798,6
test_009799,5
test_009800,9
test_009801,0
test_009802,2
test_009803,1
test_009804,9
test_009805,7
test_009806,4
test_009807,4
test_009808,3
test_009809,2
test_009810,5
test_009811,8
test_009812,2
test_009813,7
test_009814,2
test_009815,5
test_009816,8
test_009817,0
test_009818,2
test_009819,6
test_009820,6
test_009821,3
test_009822,8
test_009823,3
test_009824,9
test_009825,9
test_009826,4
test_009827,6
test_009828,3
test_009829,2
test_009830,4
test_009831,8
test_009832,2
test_009833,5
test_009834,1
test_009835,5
test_009836,2
test_009837,9
test_009838,0
test_009839,5
test_009840,3
test_009841,8
test_009842,9
test_009843,4
test_009844,7
test_009845,9
test_009846,8
test_009847,1
test_009848,9
test_009849,4
test_009850,5
test_009851,0
test_009852,9
test_009853,9
test_009854,0
test_009855,7
test_009856,5
test_009857,1
test_009858,2
test_009859,5
test_009860,1
test_009861,0
test_009862,7
test_009863,1
test_009864,7
test_009865,1
test_009866,9
test_009867,1
test_009868,9
test_009869,8
test_009870,9
test_009871,0
test_009872,1
test_009873,5
test_009874,9
test_009875,0
test_009876,9
test_009877,2
test_009878,1
test_009879,3
test_009880,6
test_009881,9
test_009882,4
test_009883,3
test_009884,6
test_009885,5
test_009886,4
test_009887,7
test_009888,3
test_009889,2
test_009890,0
test_009891,3
test_009892,0
test_009893,1
test_009894,7
test_009895,9
test_009896,9
test_009897,0
test_009898,7
test_009899,8
test_009900,9
test_009901,9
test_009902,1
test_009903,7
test_009904,0
test_009905,4
test_009906,6
test_009907,1
test_009908,6
test_009909,5
test_009910,6
test_009911,8
test_009912,2
test_009913,6
test_009914,8
test_009915,2
test_009916,0
test_009917,7
test_009918,6
test_009919,4
test_009920,5
test_009921,0
test_009922,4
test_009923,0
test_009924,2
test_009925,4
test_009926,3
test_009927,5
test_009928,2
test_009929,3
test_009930,2
test_009931,9
test_009932,9
test_009933,4
test_009934,4
test_009935,5
test_009936,0
test_009937,5
test_009938,8
test_009939,6
test_009940,8
test_009941,1
test_009942,5
test_009943,1
test_009944,6
test_009945,8
test_009946,8
test_009947,5
test_009948,5
test_009949,4
test_009950,5
test_009951,4
test_009952,0
test_009953,7
test_009954,0
test_009955,3
test_009956,5
test_009957,9
test_009958,1
test_009959,2
test_009960,1
test_009961,4
test_009962,4
test_009963,5
test_009964,2
test_009965,7
test_009966,2
test_009967,8
test_009968,4
test_009969,4
test_009970,4
test_009971,5
test_009972,4
test_009973,7
test_009974,6
test_009975,4
test_009976,9
test_009977,5
test_009978,8
test_009979,9
test_009980,5
test_009981,9
test_009982,9
test_009983,9
test_009984,9
test_009985,5
test_009986,4
test_009987,3
test_009988,1
test_009989,9
test_009990,9
test_009991,4
test_009992,4
test_009993,8
test_009994,0
test_009995,5
test_009996,0
test_009997,5
test_009998,2
test_009999,2
test_010000,1
test_010001,4
test_010002,0
test_010003,9
test_010004,8
test_010005,1
test_010006,8
test_010007,4
test_010008,0
test_010009,7
test_010010,3
test_010011,2
test_010012,4
test_010013,6
test_010014,4
test_010015,4
test_010016,8
test_010017,7
test_010018,9
test_010019,8
test_010020,3
test_010021,5
test_010022,4
test_010023,5
test_010024,0
test_010025,5
test_010026,2
test_010027,6
test_010028,1
test_010029,2
test_010030,5
test_010031,4
test_010032,2
test_010033,0
test_010034,9
test_010035,7
test_010036,7
test_010037,2
test_010038,1
test_010039,1
test_010040,2
test_010041,6
test_010042,4
test_010043,8
test_010044,9
test_010045,4
test_010046,2
test_010047,1
test_010048,0
test_010049,8
test_010050,8
test_010051,9
test_010052,5
test_010053,8
test_010054,9
test_010055,5
test_010056,4
test_010057,3
test_010058,9
test_010059,6
test_010060,6
test_010061,1
test_010062,0
test_010063,1
test_010064,8
test_010065,8
test_010066,7
test_010067,0
test_010068,8
test_010069,4
test_010070,5
test_010071,2
test_010072,8
test_010073,0
test_010074,9
test_010075,0
test_010076,4
test_010077,9
test_010078,1
test_010079,4
test_010080,0
test_010081,0
test_010082,6
test_010083,9
test_010084,6
test_010085,4
test_010086,1
test_010087,3
test_010088,6
test_010089,1
test_010090,9
test_010091,6
test_010092,6
test_010093,3
test_010094,8
test_010095,7
test_010096,9
test_010097,2
test_010098,9
test_010099,2
test_010100,3
test_010101,8
test_010102,4
test_010103,9
test_010104,0
test_010105,8
test_010106,0
test_010107,9
test_010108,6
test_010109,9
test_010110,7
test_010111,8
test_010112,1
test_010113,2
test_010114,5
test_010115,8
test_010116,8
test_010117,3
test_010118,2
test_010119,9
test_010120,1
test_010121,4
test_010122,6
test_010123,9
test_010124,1
test_010125,4
test_010126,4
test_010127,5
test_010128,0
test_010129,0
test_010130,5
test_010131,5
test_010132,8
test_010133,8
test_010134,4
test_010135,9
test_010136,8
test_010137,1
test_010138,3
test_010139,6
test_010140,2
test_010141,2
test_010142,9
test_010143,3
test_010144,5
test_010145,3
test_010146,8
test_010147,7
test_010148,2
test_010149,9
test_010150,0
test_010151,9
test_010152,5
test_010153,4
test_010154,2
test_010155,8
test_010156,4
test_010157,6
test_010158,5
test_010159,8
test_010160,0
test_010161,2
test_010162,8
test_010163,7
test_010164,1
test_010165,1
test_010166,9
test_010167,4
test_010168,7
test_010169,5
test_010170,9
test_010171,7
test_010172,0
test_010173,7
test_010174,6
test_010175,0
test_010176,5
test_010177,2
test_010178,0
test_010179,9
test_010180,6
test_010181,3
test_010182,5
test_010183,5
test_010184,1
test_010185,1
test_010186,1
test_010187,3
test_010188,7
test_010189,7
test_010190,3
test_010191,8
test_010192,0
test_010193,8
test_010194,1
test_010195,3
test_010196,6
test_010197,0
test_010198,1
test_010199,3
test_010200,9
test_010201,4
test_010202,4
test_010203,2
test_010204,0
test_010205,5
test_010206,8
test_010207,8
test_010208,0
test_010209,5
test_010210,8
test_010211,3
test_010212,7
test_010213,3
test_010214,3
test_010215,2
test_010216,1
test_010217,3
test_010218,0
test_010219,3
test_010220,7
test_010221,0
test_010222,6
test_010223,7
test_010224,3
test_010225,5
test_010226,3
test_010227,8
test_010228,6
test_010229,7
test_010230,7
test_010231,8
test_010232,9
test_010233,6
test_010234,1
test_010235,7
test_010236,1
test_010237,1
test_010238,6
test_010239,2
test_010240,9
test_010241,8
test_010242,9
test_010243,7
test_010244,4
test_010245,0
test_010246,0
test_010247,5
test_010248,2
test_010249,4
test_010250,6
test_010251,2
test_010252,3
test_010253,6
test_010254,3
test_010255,0
test_010256,2
test_010257,4
test_010258,1
test_010259,0
test_010260,8
test_010261,4
test_010262,5
test_010263,1
test_010264,4
test_010265,2
test_010266,6
test_010267,3
test_010268,5
test_010269,3
test_010270,5
test_010271,1
test_010272,8
test_010273,1
test_010274,9
test_010275,1
test_010276,8
test_010277,8
test_010278,2
test_010279,0
test_010280,3
test_010281,9
test_010282,3
test_010283,9
test_010284,6
test_010285,0
test_010286,4
test_010287,0
test_010288,6
test_010289,1
test_010290,7
test_010291,3
test_010292,0
test_010293,8
test_010294,4
test_010295,3
test_010296,0
test_010297,0
test_010298,2
test_010299,7
test_010300,0
test_010301,9
test_010302,6
test_010303,8
test_010304,5
test_010305,6
test_010306,2
test_010307,6
test_010308,2
test_010309,1
test_010310,1
test_010311,0
test_010312,0
test_010313,4
test_010314,2
test_010315,1
test_010316,2
test_010317,1
test_010318,3
test_010319,7
test_010320,1
test_010321,0
test_010322,3
test_010323,6
test_010324,7
test_010325,8
test_010326,1
test_010327,9
test_010328,0
test_010329,2
test_010330,9
test_010331,7
test_010332,9
test_010333,2
test_010334,4
test_010335,8
test_010336,1
test_010337,0
test_010338,7
test_010339,6
test_010340,1
test_010341,4
test_010342,1
test_010343,1
test_010344,6
test_010345,8
test_010346,3
test_010347,6
test_010348,6
test_010349,0
test_010350,3
test_010351,6
test_010352,2
test_010353,8
test_010354,2
test_010355,1
test_010356,3
test_010357,2
test_010358,3
test_010359,9
test_010360,0
test_010361,9
test_010362,4
test_010363,6
test_010364,1
test_010365,2
test_010366,0
test_010367,1
test_010368,3
test_010369,5
test_010370,6
test_010371,0
test_010372,5
test_010373,5
test_010374,0
test_010375,2
test_010376,5
test_010377,2
test_010378,8
test_010379,8
test_010380,7
test_010381,8
test_010382,9
test_010383,0
test_010384,8
test_010385,8
test_010386,6
test_010387,4
test_010388,2
test_010389,7
test_010390,4
test_010391,7
test_010392,9
test_010393,4
test_010394,7
test_010395,6
test_010396,0
test_010397,0
test_010398,1
test_010399,7
test_010400,8
test_010401,9
test_010402,0
test_010403,5
test_010404,6
test_010405,0
test_010406,0
test_010407,2
test_010408,9
test_010409,4
test_010410,2
test_010411,6
test_010412,3
test_010413,4
test_010414,1
test_010415,0
test_010416,8
test_010417,1
test_010418,1
test_010419,9
test_010420,3
test_010421,3
test_010422,6
test_010423,9
test_010424,4
test_010425,8
test_010426,8
test_010427,1
test_010428,4
test_010429,6
test_010430,9
test_010431,1
test_010432,9
test_010433,3
test_010434,3
test_010435,8
test_010436,9
test_010437,2
test_010438,2
test_010439,6
test_010440,4
test_010441,2
test_010442,8
test_010443,4
test_010444,1
test_010445,7
test_010446,3
test_010447,5
test_010448,0
test_010449,7
test_010450,7
test_010451,5
test_010452,4
test_010453,8
test_010454,0
test_010455,0
test_010456,6
test_010457,0
test_010458,9
test_010459,3
test_010460,7
test_010461,9
test_010462,9
test_010463,7
test_010464,8
test_010465,5
test_010466,6
test_010467,9
test_010468,4
test_010469,7
test_010470,2
test_010471,3
test_010472,1
test_010473,5
test_010474,5
test_010475,3
test_010476,9
test_010477,1
test_010478,4
test_010479,5
test_010480,8
test_010481,9
test_010482,0
test_010483,8
test_010484,4
test_010485,9
test_010486,8
test_010487,0
test_010488,9
test_010489,8
test_010490,0
test_010491,3
test_010492,9
test_010493,6
test_010494,4
test_010495,1
test_010496,3
test_010497,6
test_010498,4
test_010499,6
test_010500,6
test_010501,6
test_010502,9
test_010503,6
test_010504,8
test_010505,9
test_010506,2
test_010507,2
test_010508,5
test_010509,3
test_010510,0
test_010511,4
test_010512,9
test_010513,5
test_010514,9
test_010515,2
test_010516,5
test_010517,6
test_010518,0
test_010519,7
test_010520,2
test_010521,0
test_010522,1
test_010523,5
test_010524,0
test_010525,2
test_010526,6
test_010527,7
test_010528,0
test_010529,9
test_010530,9
test_010531,0
test_010532,8
test_010533,8
test_010534,4
test_010535,8
test_010536,7
test_010537,0
test_010538,2
test_010539,4
test_010540,1
test_010541,7
test_010542,8
test_010543,9
test_010544,2
test_010545,2
test_010546,5
test_010547,0
test_010548,3
test_010549,2
test_010550,5
test_010551,8
test_010552,7
test_010553,3
test_010554,2
test_010555,4
test_010556,3
test_010557,9
test_010558,4
test_010559,1
test_010560,4
test_010561,3
test_010562,4
test_010563,1
test_010564,7
test_010565,2
test_010566,8
test_010567,5
test_010568,8
test_010569,5
test_010570,8
test_010571,1
test_010572,9
test_010573,5
test_010574,9
test_010575,8
test_010576,3
test_010577,9
test_010578,3
test_010579,1
test_010580,6
test_010581,7
test_010582,9
test_010583,9
test_010584,3
test_010585,7
test_010586,0
test_010587,6
test_010588,8
test_010589,3
test_010590,2
test_010591,5
test_010592,5
test_010593,9
test_010594,2
test_010595,3
test_010596,6
test_010597,1
test_010598,5
test_010599,3
test_010600,6
test_010601,8
test_010602,8
test_010603,0
test_010604,2
test_010605,3
test_010606,0
test_010607,7
test_010608,6
test_010609,4
test_010610,8
test_010611,8
test_010612,5
test_010613,9
test_010614,5
test_010615,4
test_010616,9
test_010617,4
test_010618,9
test_010619,3
test_010620,9
test_010621,5
test_010622,9
test_010623,7
test_010624,3
test_010625,9
test_010626,5
test_010627,2
test_010628,5
test_010629,4
test_010630,9
test_010631,4
test_010632,0
test_010633,7
test_010634,4
test_010635,2
test_010636,9
test_010637,7
test_010638,1
test_010639,1
test_010640,0
test_010641,0
test_010642,6
test_010643,2
test_010644,8
test_010645,1
test_010646,7
test_010647,6
test_010648,6
test_010649,7
test_010650,3
test_010651,0
test_010652,7
test_010653,8
test_010654,1
test_010655,1
test_010656,2
test_010657,9
test_010658,1
test_010659,9
test_010660,7
test_010661,7
test_010662,1
test_010663,6
test_010664,2
test_010665,9
test_010666,6
test_010667,7
test_010668,4
test_010669,3
test_010670,0
test_010671,4
test_010672,9
test_010673,2
test_010674,3
test_010675,6
test_010676,2
test_010677,7
test_010678,9
test_010679,7
test_010680,3
test_010681,6
test_010682,5
test_010683,4
test_010684,2
test_010685,4
test_010686,0
test_010687,6
test_010688,9
test_010689,0
test_010690,8
test_010691,9
test_010692,1
test_010693,7
test_010694,1
test_010695,4
test_010696,4
test_010697,1
test_010698,3
test_010699,0
test_010700,9
test_010701,9
test_010702,8
test_010703,1
test_010704,2
test_010705,1
test_010706,8
test_010707,0
test_010708,1
test_010709,7
test_010710,2
test_010711,5
test_010712,7
test_010713,6
test_010714,7
test_010715,8
test_010716,5
test_010717,9
test_010718,5
test_010719,1
test_010720,7
test_010721,6
test_010722,1
test_010723,0
test_010724,0
test_010725,6
test_010726,6
test_010727,2
test_010728,2
test_010729,4
test_010730,5
test_010731,0
test_010732,1
test_010733,7
test_010734,8
test_010735,4
test_010736,6
test_010737,2
test_010738,7
test_010739,6
test_010740,7
test_010741,7
test_010742,1
test_010743,1
test_010744,9
test_010745,5
test_010746,5
test_010747,4
test_010748,5
test_010749,4
test_010750,9
test_010751,6
test_010752,2
test_010753,1
test_010754,0
test_010755,9
test_010756,5
test_010757,2
test_010758,9
test_010759,8
test_010760,6
test_010761,9
test_010762,8
test_010763,2
test_010764,3
test_010765,5
test_010766,8
test_010767,6
test_010768,4
test_010769,8
test_010770,1
test_010771,6
test_010772,8
test_010773,1
test_010774,7
test_010775,6
test_010776,2
test_010777,6
test_010778,3
test_010779,4
test_010780,6
test_010781,9
test_010782,7
test_010783,7
test_010784,9
test_010785,2
test_010786,8
test_010787,1
test_010788,1
test_010789,0
test_010790,5
test_010791,2
test_010792,9
test_010793,0
test_010794,0
test_010795,3
test_010796,8
test_010797,2
test_010798,7
test_010799,3
test_010800,5
test_010801,8
test_010802,0
test_010803,3
test_010804,3
test_010805,1
test_010806,4
test_010807,4
test_010808,7
test_010809,8
test_010810,7
test_010811,2
test_010812,9
test_010813,6
test_010814,6
test_010815,1
test_010816,4
test_010817,1
test_010818,1
test_010819,8
test_010820,8
test_010821,0
test_010822,4
test_010823,5
test_010824,6
test_010825,5
test_010826,4
test_010827,5
test_010828,0
test_010829,0
test_010830,9
test_010831,0
test_010832,9
test_010833,2
test_010834,8
test_010835,4
test_010836,9
test_010837,3
test_010838,0
test_010839,5
test_010840,7
test_010841,2
test_010842,9
test_010843,2
test_010844,8
test_010845,8
test_010846,7
test_010847,2
test_010848,7
test_010849,6
test_010850,8
test_010851,9
test_010852,6
test_010853,7
test_010854,1
test_010855,3
test_010856,6
test_010857,7
test_010858,0
test_010859,6
test_010860,5
test_010861,1
test_010862,7
test_010863,1
test_010864,9
test_010865,2
test_010866,4
test_010867,7
test_010868,6
test_010869,3
test_010870,6
test_010871,5
test_010872,4
test_010873,7
test_010874,3
test_010875,4
test_010876,2
test_010877,3
test_010878,2
test_010879,3
test_010880,5
test_010881,6
test_010882,6
test_010883,7
test_010884,5
test_010885,7
test_010886,0
test_010887,2
test_010888,7
test_010889,3
test_010890,7
test_010891,3
test_010892,4
test_010893,1
test_010894,5
test_010895,6
test_010896,0
test_010897,5
test_010898,7
test_010899,1
test_010900,8
test_010901,4
test_010902,6
test_010903,4
test_010904,0
test_010905,6
test_010906,5
test_010907,1
test_010908,2
test_010909,9
test_010910,9
test_010911,1
test_010912,4
test_010913,5
test_010914,9
test_010915,2
test_010916,4
test_010917,0
test_010918,8
test_010919,0
test_010920,1
test_010921,5
test_010922,8
test_010923,7
test_010924,4
test_010925,6
test_010926,6
test_010927,3
test_010928,8
test_010929,4
test_010930,4
test_010931,4
test_010932,0
test_010933,8
test_010934,4
test_010935,8
test_010936,2
test_010937,7
test_010938,9
test_010939,7
test_010940,0
test_010941,5
test_010942,3
test_010943,7
test_010944,0
test_010945,7
test_010946,1
test_010947,3
test_010948,4
test_010949,8
test_010950,1
test_010951,1
test_010952,3
test_010953,1
test_010954,7
test_010955,9
test_010956,1
test_010957,3
test_010958,6
test_010959,1
test_010960,2
test_010961,0
test_010962,5
test_010963,8
test_010964,6
test_010965,3
test_010966,0
test_010967,5
test_010968,6
test_010969,5
test_010970,1
test_010971,0
test_010972,9
test_010973,9
test_010974,0
test_010975,0
test_010976,6
test_010977,4
test_010978,7
test_010979,9
test_010980,3
test_010981,9
test_010982,3
test_010983,3
test_010984,6
test_010985,5
test_010986,7
test_010987,9
test_010988,8
test_010989,5
test_010990,4
test_010991,1
test_010992,1
test_010993,9
test_010994,3
test_010995,9
test_010996,7
test_010997,3
test_010998,6
test_010999,7
test_011000,4
test_011001,3
test_011002,5
test_011003,4
test_011004,3
test_011005,1
test_011006,1
test_011007,1
test_011008,9
test_011009,9
test_011010,5
test_011011,3
test_011012,3
test_011013,5
test_011014,5
test_011015,6
test_011016,4
test_011017,6
test_011018,3
test_011019,6
test_011020,2
test_011021,8
test_011022,4
test_011023,0
test_011024,0
test_011025,4
test_011026,7
test_011027,0
test_011028,2
test_011029,1
test_011030,8
test_011031,2
test_011032,9
test_011033,3
test_011034,7
test_011035,0
test_011036,6
test_011037,6
test_011038,4
test_011039,3
test_011040,0
test_011041,9
test_011042,2
test_011043,1
test_011044,7
test_011045,5
test_011046,4
test_011047,5
test_011048,7
test_011049,0
test_011050,2
test_011051,1
test_011052,5
test_011053,9
test_011054,2
test_011055,4
test_011056,9
test_011057,1
test_011058,5
test_011059,3
test_011060,8
test_011061,8
test_011062,0
test_011063,7
test_011064,9
test_011065,9
test_011066,3
test_011067,2
test_011068,8
test_011069,9
test_011070,5
test_011071,1
test_011072,8
test_011073,1
test_011074,8
test_011075,4
test_011076,5
test_011077,0
test_011078,8
test_011079,3
test_011080,6
test_011081,0
test_011082,1
test_011083,3
test_011084,0
test_011085,7
test_011086,2
test_011087,2
test_011088,1
test_011089,2
test_011090,9
test_011091,6
test_011092,1
test_011093,7
test_011094,3
test_011095,0
test_011096,1
test_011097,8
test_011098,0
test_011099,2
test_011100,9
test_011101,7
test_011102,3
test_011103,8
test_011104,2
test_011105,2
test_011106,4
test_011107,3
test_011108,0
test_011109,1
test_011110,7
test_011111,0
test_011112,4
test_011113,8
test_011114,2
test_011115,1
test_011116,8
test_011117,9
test_011118,3
test_011119,8
test_011120,1
test_011121,5
test_011122,4
test_011123,9
test_011124,6
test_011125,9
test_011126,5
test_011127,7
test_011128,0
test_011129,9
test_011130,2
test_011131,1
test_011132,9
test_011133,1
test_011134,4
test_011135,2
test_011136,8
test_011137,2
test_011138,7
test_011139,6
test_011140,5
test_011141,4
test_011142,5
test_011143,3
test_011144,5
test_011145,6
test_011146,9
test_011147,7
test_011148,8
test_011149,3
test_011150,8
test_011151,7
test_011152,7
test_011153,8
test_011154,6
test_011155,8
test_011156,2
test_011157,5
test_011158,3
test_011159,0
test_011160,3
test_011161,3
test_011162,8
test_011163,8
test_011164,1
test_011165,8
test_011166,6
test_011167,6
test_011168,4
test_011169,1
test_011170,5
test_011171,0
test_011172,7
test_011173,5
test_011174,6
test_011175,4
test_011176,9
test_011177,4
test_011178,5
test_011179,6
test_011180,5
test_011181,9
test_011182,4
test_011183,4
test_011184,1
test_011185,2
test_011186,7
test_011187,6
test_011188,9
test_011189,7
test_011190,8
test_011191,7
test_011192,8
test_011193,5
test_011194,9
test_011195,2
test_011196,4
test_011197,9
test_011198,4
test_011199,1
test_011200,6
test_011201,4
test_011202,1
test_011203,0
test_011204,6
test_011205,6
test_011206,2
test_011207,0
test_011208,2
test_011209,4
test_011210,1
test_011211,6
test_011212,7
test_011213,6
test_011214,3
test_011215,6
test_011216,6
test_011217,5
test_011218,3
test_011219,7
test_011220,5
test_011221,7
test_011222,1
test_011223,4
test_011224,6
test_011225,3
test_011226,6
test_011227,1
test_011228,3
test_011229,6
test_011230,6
test_011231,2
test_011232,1
test_011233,0
test_011234,0
test_011235,2
test_011236,2
test_011237,9
test_011238,4
test_011239,2
test_011240,6
test_011241,6
test_011242,4
test_011243,0
test_011244,6
test_011245,6
test_011246,1
test_011247,9
test_011248,5
test_011249,3
test_011250,3
test_011251,5
test_011252,8
test_011253,0
test_011254,5
test_011255,9
test_011256,9
test_011257,4
test_011258,7
test_011259,0
test_011260,3
test_011261,5
test_011262,7
test_011263,6
test_011264,1
test_011265,1
test_011266,4
test_011267,9
test_011268,9
test_011269,8
test_011270,0
test_011271,8
test_011272,9
test_011273,9
test_011274,3
test_011275,3
test_011276,7
test_011277,7
test_011278,9
test_011279,2
test_011280,1
test_011281,4
test_011282,8
test_011283,2
test_011284,7
test_011285,6
test_011286,2
test_011287,6
test_011288,4
test_011289,4
test_011290,7
test_011291,6
test_011292,6
test_011293,5
test_011294,2
test_011295,2
test_011296,9
test_011297,6
test_011298,3
test_011299,1
test_011300,6
test_011301,7
test_011302,4
test_011303,7
test_011304,2
test_011305,0
test_011306,9
test_011307,0
test_011308,0
test_011309,3
test_011310,0
test_011311,4
test_011312,6
test_011313,5
test_011314,4
test_011315,0
test_011316,7
test_011317,2
test_011318,8
test_011319,3
test_011320,0
test_011321,9
test_011322,4
test_011323,9
test_011324,4
test_011325,3
test_011326,3
test_011327,1
test_011328,8
test_011329,9
test_011330,8
test_011331,7
test_011332,6
test_011333,2
test_011334,4
test_011335,0
test_011336,9
test_011337,8
test_011338,9
test_011339,9
test_011340,6
test_011341,1
test_011342,1
test_011343,3
test_011344,2
test_011345,7
test_011346,4
test_011347,1
test_011348,6
test_011349,1
test_011350,0
test_011351,0
test_011352,1
test_011353,2
test_011354,5
test_011355,1
test_011356,6
test_011357,3
test_011358,5
test_011359,5
test_011360,4
test_011361,6
test_011362,0
test_011363,6
test_011364,5
test_011365,8
test_011366,4
test_011367,2
test_011368,1
test_011369,9
test_011370,6
test_011371,8
test_011372,5
test_011373,5
test_011374,6
test_011375,6
test_011376,3
test_011377,4
test_011378,7
test_011379,1
test_011380,5
test_011381,1
test_011382,6
test_011383,5
test_011384,1
test_011385,8
test_011386,0
test_011387,6
test_011388,1
test_011389,1
test_011390,3
test_011391,1
test_011392,1
test_011393,6
test_011394,9
test_011395,7
test_011396,3
test_011397,4
test_011398,9
test_011399,0
test_011400,3
test_011401,0
test_011402,5
test_011403,5
test_011404,0
test_011405,0
test_011406,4
test_011407,8
test_011408,3
test_011409,6
test_011410,6
test_011411,2
test_011412,2
test_011413,2
test_011414,0
test_011415,4
test_011416,1
test_011417,9
test_011418,6
test_011419,5
test_011420,7
test_011421,1
test_011422,1
test_011423,8
test_011424,2
test_011425,5
test_011426,9
test_011427,8
test_011428,0
test_011429,9
test_011430,3
test_011431,5
test_011432,9
test_011433,1
test_011434,1
test_011435,7
test_011436,6
test_011437,4
test_011438,3
test_011439,0
test_011440,6
test_011441,3
test_011442,1
test_011443,0
test_011444,9
test_011445,4
test_011446,6
test_011447,6
test_011448,9
test_011449,6
test_011450,3
test_011451,0
test_011452,9
test_011453,5
test_011454,3
test_011455,8
test_011456,6
test_011457,3
test_011458,5
test_011459,7
test_011460,1
test_011461,5
test_011462,2
test_011463,7
test_011464,4
test_011465,4
test_011466,3
test_011467,9
test_011468,0
test_011469,2
test_011470,7
test_011471,7
test_011472,6
test_011473,1
test_011474,0
test_011475,2
test_011476,6
test_011477,8
test_011478,8
test_011479,3
test_011480,8
test_011481,6
test_011482,7
test_011483,0
test_011484,2
test_011485,8
test_011486,9
test_011487,4
test_011488,7
test_011489,9
test_011490,4
test_011491,1
test_011492,8
test_011493,7
test_011494,1
test_011495,0
test_011496,8
test_011497,4
test_011498,4
test_011499,8
test_011500,9
test_011501,4
test_011502,2
test_011503,7
test_011504,6
test_011505,8
test_011506,1
test_011507,5
test_011508,7
test_011509,1
test_011510,4
test_011511,5
test_011512,5
test_011513,4
test_011514,2
test_011515,8
test_011516,5
test_011517,9
test_011518,1
test_011519,7
test_011520,9
test_011521,2
test_011522,0
test_011523,8
test_011524,7
test_011525,7
test_011526,5
test_011527,3
test_011528,9
test_011529,8
test_011530,7
test_011531,7
test_011532,4
test_011533,9
test_011534,1
test_011535,8
test_011536,5
test_011537,5
test_011538,5
test_011539,2
test_011540,6
test_011541,2
test_011542,0
test_011543,7
test_011544,2
test_011545,1
test_011546,7
test_011547,4
test_011548,8
test_011549,3
test_011550,0
test_011551,9
test_011552,5
test_011553,2
test_011554,5
test_011555,2
test_011556,1
test_011557,1
test_011558,9
test_011559,6
test_011560,2
test_011561,1
test_011562,8
test_011563,0
test_011564,1
test_011565,6
test_011566,0
test_011567,0
test_011568,4
test_011569,0
test_011570,4
test_011571,8
test_011572,2
test_011573,9
test_011574,3
test_011575,6
test_011576,5
test_011577,3
test_011578,2
test_011579,1
test_011580,4
test_011581,9
test_011582,9
test_011583,6
test_011584,0
test_011585,9
test_011586,2
test_011587,8
test_011588,8
test_011589,3
test_011590,1
test_011591,6
test_011592,5
test_011593,5
test_011594,8
test_011595,6
test_011596,8
test_011597,0
test_011598,5
test_011599,4
test_011600,0
test_011601,8
test_011602,8
test_011603,4
test_011604,2
test_011605,1
test_011606,1
test_011607,0
test_011608,8
test_011609,6
test_011610,8
test_011611,2
test_011612,0
test_011613,1
test_011614,9
test_011615,2
test_011616,1
test_011617,8
test_011618,8
test_011619,6
test_011620,2
test_011621,5
test_011622,1
test_011623,6
test_011624,3
test_011625,5
test_011626,2
test_011627,5
test_011628,1
test_011629,8
test_011630,0
test_011631,2
test_011632,8
test_011633,6
test_011634,0
test_011635,8
test_011636,5
test_011637,0
test_011638,4
test_011639,4
test_011640,0
test_011641,9
test_011642,5
test_011643,6
test_011644,8
test_011645,2
test_011646,8
test_011647,4
test_011648,9
test_011649,9
test_011650,4
test_011651,2
test_011652,6
test_011653,9
test_011654,9
test_011655,1
test_011656,4
test_011657,6
test_011658,9
test_011659,4
test_011660,3
test_011661,6
test_011662,7
test_011663,2
test_011664,0
test_011665,8
test_011666,7
test_011667,1
test_011668,4
test_011669,1
test_011670,6
test_011671,1
test_011672,6
test_011673,4
test_011674,0
test_011675,2
test_011676,8
test_011677,9
test_011678,2
test_011679,8
test_011680,1
test_011681,2
test_011682,9
test_011683,0
test_011684,2
test_011685,4
test_011686,3
test_011687,8
test_011688,1
test_011689,4
test_011690,4
test_011691,7
test_011692,3
test_011693,8
test_011694,3
test_011695,0
test_011696,8
test_011697,9
test_011698,1
test_011699,9
test_011700,1
test_011701,8
test_011702,8
test_011703,7
test_011704,6
test_011705,6
test_011706,2
test_011707,8
test_011708,0
test_011709,9
test_011710,1
test_011711,3
test_011712,0
test_011713,3
test_011714,1
test_011715,1
test_011716,9
test_011717,9
test_011718,7
test_011719,6
test_011720,5
test_011721,4
test_011722,2
test_011723,5
test_011724,9
test_011725,0
test_011726,5
test_011727,5
test_011728,6
test_011729,3
test_011730,8
test_011731,7
test_011732,2
test_011733,3
test_011734,5
test_011735,4
test_011736,7
test_011737,4
test_011738,1
test_011739,3
test_011740,1
test_011741,6
test_011742,5
test_011743,9
test_011744,1
test_011745,6
test_011746,1
test_011747,3
test_011748,6
test_011749,3
test_011750,8
test_011751,8
test_011752,5
test_011753,3
test_011754,8
test_011755,0
test_011756,2
test_011757,1
test_011758,5
test_011759,6
test_011760,5
test_011761,7
test_011762,6
test_011763,5
test_011764,9
test_011765,7
test_011766,5
test_011767,0
test_011768,5
test_011769,3
test_011770,1
test_011771,2
test_011772,6
test_011773,2
test_011774,8
test_011775,7
test_011776,6
test_011777,6
test_011778,3
test_011779,6
test_011780,7
test_011781,2
test_011782,7
test_011783,0
test_011784,0
test_011785,6
test_011786,1
test_011787,3
test_011788,1
test_011789,9
test_011790,9
test_011791,2
test_011792,3
test_011793,4
test_011794,9
test_011795,4
test_011796,1
test_011797,3
test_011798,0
test_011799,3
test_011800,3
test_011801,6
test_011802,8
test_011803,2
test_011804,2
test_011805,0
test_011806,1
test_011807,0
test_011808,6
test_011809,4
test_011810,6
test_011811,1
test_011812,2
test_011813,2
test_011814,6
test_011815,4
test_011816,2
test_011817,7
test_011818,6
test_011819,9
test_011820,6
test_011821,0
test_011822,1
test_011823,3
test_011824,1
test_011825,5
test_011826,3
test_011827,1
test_011828,3
test_011829,6
test_011830,2
test_011831,3
test_011832,3
test_011833,5
test_011834,3
test_011835,8
test_011836,2
test_011837,6
test_011838,0
test_011839,1
test_011840,2
test_011841,9
test_011842,1
test_011843,4
test_011844,5
test_011845,6
test_011846,0
test_011847,3
test_011848,2
test_011849,0
test_011850,3
test_011851,8
test_011852,1
test_011853,9
test_011854,2
test_011855,7
test_011856,3
test_011857,2
test_011858,6
test_011859,8
test_011860,8
test_011861,0
test_011862,3
test_011863,4
test_011864,8
test_011865,0
test_011866,9
test_011867,8
test_011868,4
test_011869,3
test_011870,1
test_011871,1
test_011872,9
test_011873,1
test_011874,9
test_011875,9
test_011876,7
test_011877,3
test_011878,5
test_011879,8
test_011880,7
test_011881,4
test_011882,3
test_011883,1
test_011884,2
test_011885,9
test_011886,0
test_011887,1
test_011888,7
test_011889,5
test_011890,0
test_011891,3
test_011892,7
test_011893,0
test_011894,8
test_011895,9
test_011896,8
test_011897,2
test_011898,2
test_011899,6
test_011900,0
test_011901,5
test_011902,6
test_011903,6
test_011904,5
test_011905,7
test_011906,4
test_011907,5
test_011908,0
test_011909,0
test_011910,2
test_011911,4
test_011912,9
test_011913,0
test_011914,7
test_011915,6
test_011916,8
test_011917,9
test_011918,4
test_011919,4
test_011920,9
test_011921,3
test_011922,7
test_011923,7
test_011924,3
test_011925,7
test_011926,8
test_011927,8
test_011928,5
test_011929,1
test_011930,5
test_011931,4
test_011932,3
test_011933,2
test_011934,2
test_011935,7
test_011936,6
test_011937,5
test_011938,5
test_011939,2
test_011940,4
test_011941,3
test_011942,1
test_011943,2
test_011944,1
test_011945,5
test_011946,8
test_011947,9
test_011948,7
test_011949,1
test_011950,5
test_011951,8
test_011952,9
test_011953,7
test_011954,8
test_011955,1
test_011956,6
test_011957,1
test_011958,2
test_011959,8
test_011960,5
test_011961,2
test_011962,7
test_011963,5
test_011964,3
test_011965,3
test_011966,3
test_011967,4
test_011968,5
test_011969,0
test_011970,1
test_011971,3
test_011972,6
test_011973,6
test_011974,9
test_011975,0
test_011976,7
test_011977,2
test_011978,3
test_011979,2
test_011980,0
test_011981,1
test_011982,5
test_011983,5
test_011984,2
test_011985,2
test_011986,8
test_011987,6
test_011988,9
test_011989,2
test_011990,9
test_011991,0
test_011992,6
test_011993,3
test_011994,2
test_011995,8
test_011996,0
test_011997,4
test_011998,3
test_011999,1
test_012000,0
test_012001,0
test_012002,5
test_012003,8
test_012004,8
test_012005,5
test_012006,6
test_012007,1
test_012008,7
test_012009,2
test_012010,6
test_012011,7
test_012012,4
test_012013,7
test_012014,9
test_012015,3
test_012016,9
test_012017,3
test_012018,5
test_012019,4
test_012020,1
test_012021,4
test_012022,6
test_012023,9
test_012024,8
test_012025,4
test_012026,6
test_012027,7
test_012028,1
test_012029,3
test_012030,7
test_012031,0
test_012032,4
test_012033,7
test_012034,1
test_012035,6
test_012036,4
test_012037,5
test_012038,5
test_012039,4
test_012040,5
test_012041,7
test_012042,7
test_012043,4
test_012044,5
test_012045,5
test_012046,5
test_012047,6
test_012048,2
test_012049,9
test_012050,4
test_012051,3
test_012052,7
test_012053,2
test_012054,7
test_012055,1
test_012056,7
test_012057,1
test_012058,0
test_012059,3
test_012060,8
test_012061,8
test_012062,8
test_012063,2
test_012064,1
test_012065,6
test_012066,1
test_012067,8
test_012068,5
test_012069,0
test_012070,8
test_012071,6
test_012072,4
test_012073,7
test_012074,5
test_012075,5
test_012076,2
test_012077,5
test_012078,5
test_012079,1
test_012080,5
test_012081,0
test_012082,0
test_012083,0
test_012084,0
test_012085,2
test_012086,2
test_012087,9
test_012088,3
test_012089,0
test_012090,5
test_012091,5
test_012092,8
test_012093,7
test_012094,9
test_012095,1
test_012096,5
test_012097,5
test_012098,7
test_012099,4
test_012100,9
test_012101,3
test_012102,4
test_012103,2
test_012104,8
test_012105,4
test_012106,2
test_012107,4
test_012108,6
test_012109,3
test_012110,8
test_012111,4
test_012112,4
test_012113,0
test_012114,6
test_012115,4
test_012116,9
test_012117,1
test_012118,5
test_012119,2
test_012120,2
test_012121,7
test_012122,1
test_012123,5
test_012124,0
test_012125,7
test_012126,8
test_012127,7
test_012128,8
test_012129,7
test_012130,1
test_012131,6
test_012132,0
test_012133,5
test_012134,4
test_012135,6
test_012136,7
test_012137,5
test_012138,4
test_012139,8
test_012140,9
test_012141,7
test_012142,6
test_012143,1
test_012144,8
test_012145,4
test_012146,3
test_012147,9
test_012148,2
test_012149,7
test_012150,6
test_012151,9
test_012152,3
test_012153,3
test_012154,1
test_012155,4
test_012156,9
test_012157,6
test_012158,6
test_012159,2
test_012160,7
test_012161,2
test_012162,0
test_012163,7
test_012164,7
test_012165,1
test_012166,5
test_012167,7
test_012168,6
test_012169,3
test_012170,5
test_012171,0
test_012172,3
test_012173,7
test_012174,3
test_012175,0
test_012176,5
test_012177,2
test_012178,2
test_012179,5
test_012180,3
test_012181,0
test_012182,2
test_012183,3
test_012184,6
test_012185,8
test_012186,5
test_012187,2
test_012188,7
test_012189,2
test_012190,2
test_012191,0
test_012192,1
test_012193,9
test_012194,7
test_012195,7
test_012196,6
test_012197,3
test_012198,0
test_012199,4
test_012200,0
test_012201,6
test_012202,4
test_012203,5
test_012204,2
test_012205,9
test_012206,5
test_012207,9
test_012208,4
test_012209,7
test_012210,7
test_012211,7
test_012212,9
test_012213,8
test_012214,7
test_012215,6
test_012216,5
test_012217,9
test_012218,2
test_012219,3
test_012220,3
test_012221,0
test_012222,1
test_012223,6
test_012224,9
test_012225,0
test_012226,3
test_012227,9
test_012228,4
test_012229,5
test_012230,4
test_012231,0
test_012232,3
test_012233,5
test_012234,3
test_012235,3
test_012236,0
test_012237,2
test_012238,7
test_012239,6
test_012240,4
test_012241,0
test_012242,1
test_012243,9
test_012244,8
test_012245,3
test_012246,8
test_012247,7
test_012248,1
test_012249,1
test_012250,8
test_012251,1
test_012252,1
test_012253,3
test_012254,7
test_012255,8
test_012256,1
test_012257,4
test_012258,2
test_012259,8
test_012260,7
test_012261,7
test_012262,2
test_012263,4
test_012264,1
test_012265,0
test_012266,2
test_012267,9
test_012268,6
test_012269,6
test_012270,2
test_012271,2
test_012272,1
test_012273,1
test_012274,7
test_012275,0
test_012276,5
test_012277,1
test_012278,0
test_012279,2
test_012280,4
test_012281,1
test_012282,9
test_012283,9
test_012284,7
test_012285,9
test_012286,0
test_012287,4
test_012288,4
test_012289,7
test_012290,8
test_012291,0
test_012292,1
test_012293,6
test_012294,2
test_012295,5
test_012296,5
test_012297,2
test_012298,2
test_012299,1
test_012300,6
test_012301,2
test_012302,7
test_012303,1
test_012304,7
test_012305,8
test_012306,4
test_012307,0
test_012308,0
test_012309,7
test_012310,5
test_012311,7
test_012312,4
test_012313,0
test_012314,5
test_012315,9
test_012316,9
test_012317,4
test_012318,2
test_012319,1
test_012320,3
test_012321,2
test_012322,8
test_012323,2
test_012324,2
test_012325,2
test_012326,7
test_012327,3
test_012328,9
test_012329,1
test_012330,2
test_012331,8
test_012332,8
test_012333,0
test_012334,1
test_012335,4
test_012336,0
test_012337,6
test_012338,8
test_012339,4
test_012340,4
test_012341,6
test_012342,7
test_012343,7
test_012344,4
test_012345,3
test_012346,0
test_012347,8
test_012348,8
test_012349,3
test_012350,8
test_012351,9
test_012352,1
test_012353,2
test_012354,7
test_012355,6
test_012356,6
test_012357,2
test_012358,7
test_012359,6
test_012360,1
test_012361,1
test_012362,9
test_012363,4
test_012364,9
test_012365,5
test_012366,7
test_012367,0
test_012368,5
test_012369,1
test_012370,1
test_012371,3
test_012372,7
test_012373,0
test_012374,4
test_012375,6
test_012376,5
test_012377,9
test_012378,5
test_012379,0
test_012380,8
test_012381,4
test_012382,6
test_012383,2
test_012384,9
test_012385,8
test_012386,6
test_012387,8
test_012388,4
test_012389,8
test_012390,1
test_012391,5
test_012392,3
test_012393,5
test_012394,8
test_012395,1
test_012396,3
test_012397,2
test_012398,5
test_012399,2
test_012400,9
test_012401,2
test_012402,6
test_012403,5
test_012404,0
test_012405,2
test_012406,2
test_012407,6
test_012408,4
test_012409,5
test_012410,2
test_012411,4
test_012412,1
test_012413,0
test_012414,5
test_012415,9
test_012416,7
test_012417,1
test_012418,9
test_012419,4
test_012420,2
test_012421,5
test_012422,9
test_012423,6
test_012424,0
test_012425,4
test_012426,4
test_012427,4
test_012428,5
test_012429,0
test_012430,3
test_012431,0
test_012432,9
test_012433,8
test_012434,3
test_012435,5
test_012436,8
test_012437,5
test_012438,2
test_012439,8
test_012440,5
test_012441,4
test_012442,7
test_012443,9
test_012444,4
test_012445,7
test_012446,3
test_012447,2
test_012448,7
test_012449,2
test_012450,0
test_012451,4
test_012452,4
test_012453,1
test_012454,0
test_012455,4
test_012456,6
test_012457,6
test_012458,4
test_012459,1
test_012460,1
test_012461,8
test_012462,6
test_012463,7
test_012464,6
test_012465,5
test_012466,0
test_012467,2
test_012468,8
test_012469,0
test_012470,9
test_012471,6
test_012472,9
test_012473,0
test_012474,4
test_012475,1
test_012476,9
test_012477,1
test_012478,9
test_012479,4
test_012480,0
test_012481,9
test_012482,7
test_012483,1
test_012484,0
test_012485,2
test_012486,1
test_012487,7
test_012488,2
test_012489,7
test_012490,6
test_012491,2
test_012492,6
test_012493,9
test_012494,1
test_012495,3
test_012496,1
test_012497,8
test_012498,2
test_012499,3
test_012500,6
test_012501,3
test_012502,9
test_012503,8
test_012504,5
test_012505,8
test_012506,2
test_012507,7
test_012508,2
test_012509,1
test_012510,3
test_012511,5
test_012512,7
test_012513,1
test_012514,2
test_012515,9
test_012516,8
test_012517,9
test_012518,8
test_012519,4
test_012520,3
test_012521,1
test_012522,9
test_012523,4
test_012524,3
test_012525,0
test_012526,3
test_012527,1
test_012528,4
test_012529,1
test_012530,8
test_012531,1
test_012532,2
test_012533,0
test_012534,3
test_012535,1
test_012536,0
test_012537,9
test_012538,4
test_012539,7
test_012540,7
test_012541,7
test_012542,7
test_012543,6
test_012544,2
test_012545,0
test_012546,0
test_012547,3
test_012548,5
test_012549,3
test_012550,1
test_012551,3
test_012552,4
test_012553,7
test_012554,8
test_012555,1
test_012556,7
test_012557,0
test_012558,1
test_012559,9
test_012560,2
test_012561,4
test_012562,1
test_012563,3
test_012564,1
test_012565,0
test_012566,0
test_012567,2
test_012568,0
test_012569,9
test_012570,7
test_012571,9
test_012572,0
test_012573,3
test_012574,0
test_012575,0
test_012576,8
test_012577,1
test_012578,6
test_012579,2
test_012580,4
test_012581,3
test_012582,4
test_012583,7
test_012584,4
test_012585,5
test_012586,6
test_012587,7
test_012588,1
test_012589,8
test_012590,1
test_012591,5
test_012592,8
test_012593,8
test_012594,0
test_012595,8
test_012596,1
test_012597,2
test_012598,7
test_012599,3
test_012600,3
test_012601,9
test_012602,9
test_012603,8
test_012604,2
test_012605,1
test_012606,9
test_012607,5
test_012608,5
test_012609,9
test_012610,4
test_012611,1
test_012612,8
test_012613,9
test_012614,3
test_012615,6
test_012616,6
test_012617,2
test_012618,2
test_012619,6
test_012620,3
test_012621,1
test_012622,4
test_012623,4
test_012624,0
test_012625,7
test_012626,6
test_012627,4
test_012628,8
test_012629,0
test_012630,6
test_012631,0
test_012632,4
test_012633,6
test_012634,4
test_012635,5
test_012636,2
test_012637,2
test_012638,2
test_012639,7
test_012640,0
test_012641,1
test_012642,9
test_012643,2
test_012644,0
test_012645,4
test_012646,0
test_012647,1
test_012648,3
test_012649,3
test_012650,6
test_012651,2
test_012652,0
test_012653,9
test_012654,6
test_012655,1
test_012656,2
test_012657,7
test_012658,3
test_012659,2
test_012660,1
test_012661,4
test_012662,0
test_012663,2
test_012664,7
test_012665,7
test_012666,5
test_012667,0
test_012668,3
test_012669,3
test_012670,9
test_012671,5
test_012672,2
test_012673,3
test_012674,9
test_012675,2
test_012676,2
test_012677,5
test_012678,4
test_012679,7
test_012680,6
test_012681,9
test_012682,8
test_012683,0
test_012684,8
test_012685,5
test_012686,0
test_012687,0
test_012688,9
test_012689,4
test_012690,3
test_012691,9
test_012692,7
test_012693,8
test_012694,0
test_012695,8
test_012696,2
test_012697,5
test_012698,8
test_012699,8
test_012700,8
test_012701,2
test_012702,2
test_012703,2
test_012704,7
test_012705,0
test_012706,9
test_012707,4
test_012708,2
test_012709,7
test_012710,0
test_012711,7
test_012712,9
test_012713,6
test_012714,4
test_012715,5
test_012716,4
test_012717,5
test_012718,1
test_012719,0
test_012720,4
test_012721,0
test_012722,7
test_012723,1
test_012724,4
test_012725,9
test_012726,9
test_012727,9
test_012728,4
test_012729,1
test_012730,5
test_012731,9
test_012732,1
test_012733,8
test_012734,6
test_012735,4
test_012736,1
test_012737,0
test_012738,8
test_012739,9
test_012740,2
test_012741,4
test_012742,2
test_012743,9
test_012744,3
test_012745,5
test_012746,3
test_012747,4
test_012748,7
test_012749,2
test_012750,0
test_012751,0
test_012752,2
test_012753,3
test_012754,9
test_012755,7
test_012756,3
test_012757,6
test_012758,2
test_012759,9
test_012760,4
test_012761,5
test_012762,4
test_012763,8
test_012764,7
test_012765,7
test_012766,1
test_012767,4
test_012768,1
test_012769,3
test_012770,9
test_012771,8
test_012772,3
test_012773,8
test_012774,6
test_012775,8
test_012776,7
test_012777,4
test_012778,0
test_012779,5
test_012780,7
test_012781,7
test_012782,9
test_012783,2
test_012784,7
test_012785,9
test_012786,4
test_012787,9
test_012788,2
test_012789,2
test_012790,5
test_012791,6
test_012792,4
test_012793,2
test_012794,8
test_012795,2
test_012796,5
test_012797,3
test_012798,8
test_012799,1
test_012800,1
test_012801,0
test_012802,3
test_012803,2
test_012804,4
test_012805,2
test_012806,0
test_012807,7
test_012808,4
test_012809,0
test_012810,8
test_012811,0
test_012812,5
test_012813,5
test_012814,5
test_012815,3
test_012816,2
test_012817,4
test_012818,8
test_012819,0
test_012820,2
test_012821,7
test_012822,0
test_012823,4
test_012824,9
test_012825,7
test_012826,5
test_012827,3
test_012828,1
test_012829,6
test_012830,0
test_012831,5
test_012832,3
test_012833,1
test_012834,5
test_012835,9
test_012836,6
test_012837,9
test_012838,1
test_012839,4
test_012840,3
test_012841,5
test_012842,0
test_012843,1
test_012844,6
test_012845,5
test_012846,4
test_012847,9
test_012848,5
test_012849,9
test_012850,1
test_012851,7
test_012852,7
test_012853,9
test_012854,8
test_012855,4
test_012856,0
test_012857,3
test_012858,3
test_012859,7
test_012860,2
test_012861,5
test_012862,5
test_012863,9
test_012864,9
test_012865,5
test_012866,4
test_012867,4
test_012868,8
test_012869,9
test_012870,1
test_012871,7
test_012872,5
test_012873,1
test_012874,1
test_012875,8
test_012876,9
test_012877,0
test_012878,5
test_012879,0
test_012880,9
test_012881,5
test_012882,9
test_012883,3
test_012884,6
test_012885,4
test_012886,6
test_012887,7
test_012888,4
test_012889,2
test_012890,4
test_012891,2
test_012892,8
test_012893,3
test_012894,0
test_012895,7
test_012896,7
test_012897,6
test_012898,2
test_012899,2
test_012900,6
test_012901,5
test_012902,1
test_012903,8
test_012904,3
test_012905,5
test_012906,0
test_012907,7
test_012908,6
test_012909,1
test_012910,4
test_012911,6
test_012912,7
test_012913,9
test_012914,4
test_012915,2
test_012916,4
test_012917,6
test_012918,0
test_012919,4
test_012920,0
test_012921,8
test_012922,0
test_012923,4
test_012924,6
test_012925,5
test_012926,0
test_012927,9
test_012928,5
test_012929,7
test_012930,6
test_012931,4
test_012932,5
test_012933,7
test_012934,6
test_012935,2
test_012936,0
test_012937,2
test_012938,2
test_012939,2
test_012940,8
test_012941,8
test_012942,9
test_012943,7
test_012944,4
test_012945,0
test_012946,0
test_012947,2
test_012948,7
test_012949,4
test_012950,8
test_012951,6
test_012952,3
test_012953,3
test_012954,0
test_012955,1
test_012956,5
test_012957,0
test_012958,8
test_012959,8
test_012960,5
test_012961,7
test_012962,6
test_012963,8
test_012964,1
test_012965,4
test_012966,1
test_012967,0
test_012968,1
test_012969,9
test_012970,3
test_012971,0
test_012972,9
test_012973,3
test_012974,6
test_012975,7
test_012976,3
test_012977,0
test_012978,4
test_012979,5
test_012980,9
test_012981,8
test_012982,5
test_012983,3
test_012984,9
test_012985,4
test_012986,6
test_012987,5
test_012988,9
test_012989,3
test_012990,6
test_012991,3
test_012992,7
test_012993,5
test_012994,7
test_012995,2
test_012996,7
test_012997,7
test_012998,1
test_012999,8
test_013000,2
test_013001,7
test_013002,9
test_013003,8
test_013004,6
test_013005,5
test_013006,6
test_013007,9
test_013008,9
test_013009,2
test_013010,9
test_013011,5
test_013012,3
test_013013,8
test_013014,2
test_013015,1
test_013016,9
test_013017,2
test_013018,3
test_013019,2
test_013020,4
test_013021,3
test_013022,6
test_013023,9
test_013024,9
test_013025,5
test_013026,9
test_013027,9
test_013028,8
test_013029,6
test_013030,3
test_013031,1
test_013032,0
test_013033,5
test_013034,7
test_013035,9
test_013036,4
test_013037,9
test_013038,9
test_013039,3
test_013040,7
test_013041,4
test_013042,3
test_013043,3
test_013044,7
test_013045,6
test_013046,2
test_013047,3
test_013048,0
test_013049,5
test_013050,8
test_013051,2
test_013052,6
test_013053,2
test_013054,3
test_013055,0
test_013056,3
test_013057,0
test_013058,3
test_013059,3
test_013060,7
test_013061,2
test_013062,2
test_013063,2
test_013064,3
test_013065,3
test_013066,3
test_013067,0
test_013068,9
test_013069,2
test_013070,5
test_013071,6
test_013072,2
test_013073,9
test_013074,0
test_013075,0
test_013076,1
test_013077,9
test_013078,6
test_013079,7
test_013080,2
test_013081,7
test_013082,2
test_013083,7
test_013084,6
test_013085,7
test_013086,4
test_013087,7
test_013088,5
test_013089,7
test_013090,5
test_013091,2
test_013092,7
test_013093,3
test_013094,8
test_013095,5
test_013096,5
test_013097,7
test_013098,7
test_013099,1
test_013100,6
test_013101,8
test_013102,0
test_013103,0
test_013104,1
test_013105,1
test_013106,1
test_013107,0
test_013108,0
test_013109,5
test_013110,9
test_013111,6
test_013112,0
test_013113,9
test_013114,7
test_013115,2
test_013116,7
test_013117,4
test_013118,9
test_013119,4
test_013120,3
test_013121,8
test_013122,0
test_013123,6
test_013124,6
test_013125,9
test_013126,5
test_013127,2
test_013128,6
test_013129,3
test_013130,3
test_013131,3
test_013132,0
test_013133,8
test_013134,7
test_013135,3
test_013136,5
test_013137,4
test_013138,8
test_013139,1
test_013140,3
test_013141,8
test_013142,5
test_013143,1
test_013144,8
test_013145,7
test_013146,2
test_013147,1
test_013148,5
test_013149,3
test_013150,4
test_013151,7
test_013152,7
test_013153,5
test_013154,6
test_013155,0
test_013156,0
test_013157,2
test_013158,5
test_013159,4
test_013160,3
test_013161,7
test_013162,2
test_013163,6
test_013164,8
test_013165,7
test_013166,8
test_013167,5
test_013168,3
test_013169,1
test_013170,4
test_013171,1
test_013172,4
test_013173,7
test_013174,0
test_013175,9
test_013176,1
test_013177,2
test_013178,5
test_013179,6
test_013180,8
test_013181,2
test_013182,0
test_013183,3
test_013184,0
test_013185,6
test_013186,9
test_013187,1
test_013188,4
test_013189,4
test_013190,2
test_013191,6
test_013192,7
test_013193,5
test_013194,2
test_013195,3
test_013196,7
test_013197,6
test_013198,8
test_013199,0
test_013200,8
test_013201,4
test_013202,1
test_013203,4
test_013204,9
test_013205,9
test_013206,8
test_013207,8
test_013208,2
test_013209,9
test_013210,8
test_013211,1
test_013212,5
test_013213,3
test_013214,8
test_013215,1
test_013216,8
test_013217,1
test_013218,0
test_013219,1
test_013220,0
test_013221,2
test_013222,9
test_013223,9
test_013224,1
test_013225,0
test_013226,3
test_013227,0
test_013228,0
test_013229,4
test_013230,0
test_013231,4
test_013232,5
test_013233,8
test_013234,5
test_013235,3
test_013236,5
test_013237,3
test_013238,5
test_013239,1
test_013240,1
test_013241,9
test_013242,8
test_013243,8
test_013244,3
test_013245,8
test_013246,5
test_013247,3
test_013248,2
test_013249,7
test_013250,1
test_013251,8
test_013252,4
test_013253,5
test_013254,0
test_013255,1
test_013256,6
test_013257,2
test_013258,5
test_013259,8
test_013260,3
test_013261,4
test_013262,8
test_013263,5
test_013264,5
test_013265,3
test_013266,8
test_013267,0
test_013268,1
test_013269,7
test_013270,6
test_013271,8
test_013272,4
test_013273,0
test_013274,8
test_013275,2
test_013276,0
test_013277,1
test_013278,8
test_013279,2
test_013280,8
test_013281,4
test_013282,8
test_013283,3
test_013284,2
test_013285,1
test_013286,9
test_013287,6
test_013288,2
test_013289,6
test_013290,9
test_013291,6
test_013292,7
test_013293,5
test_013294,4
test_013295,8
test_013296,5
test_013297,2
test_013298,2
test_013299,4
test_013300,9
test_013301,9
test_013302,2
test_013303,2
test_013304,3
test_013305,4
test_013306,5
test_013307,4
test_013308,9
test_013309,9
test_013310,9
test_013311,7
test_013312,6
test_013313,0
test_013314,2
test_013315,0
test_013316,6
test_013317,5
test_013318,6
test_013319,2
test_013320,2
test_013321,0
test_013322,8
test_013323,3
test_013324,1
test_013325,3
test_013326,9
test_013327,3
test_013328,0
test_013329,5
test_013330,9
test_013331,7
test_013332,1
test_013333,5
test_013334,7
test_013335,8
test_013336,8
test_013337,4
test_013338,3
test_013339,3
test_013340,8
test_013341,5
test_013342,0
test_013343,3
test_013344,2
test_013345,5
test_013346,3
test_013347,6
test_013348,1
test_013349,2
test_013350,4
test_013351,8
test_013352,1
test_013353,4
test_013354,3
test_013355,0
test_013356,9
test_013357,0
test_013358,7
test_013359,6
test_013360,0
test_013361,8
test_013362,6
test_013363,0
test_013364,0
test_013365,3
test_013366,3
test_013367,0
test_013368,6
test_013369,8
test_013370,0
test_013371,0
test_013372,2
test_013373,4
test_013374,2
test_013375,3
test_013376,8
test_013377,4
test_013378,3
test_013379,5
test_013380,1
test_013381,9
test_013382,5
test_013383,5
test_013384,9
test_013385,9
test_013386,9
test_013387,4
test_013388,0
test_013389,2
test_013390,1
test_013391,6
test_013392,6
test_013393,7
test_013394,1
test_013395,8
test_013396,1
test_013397,3
test_013398,6
test_013399,6
test_013400,6
test_013401,2
test_013402,1
test_013403,7
test_013404,7
test_013405,1
test_013406,3
test_013407,1
test_013408,4
test_013409,5
test_013410,9
test_013411,9
test_013412,0
test_013413,9
test_013414,4
test_013415,5
test_013416,4
test_013417,7
test_013418,3
test_013419,8
test_013420,6
test_013421,1
test_013422,9
test_013423,4
test_013424,5
test_013425,2
test_013426,9
test_013427,5
test_013428,3
test_013429,0
test_013430,7
test_013431,9
test_013432,5
test_013433,0
test_013434,9
test_013435,3
test_013436,1
test_013437,7
test_013438,0
test_013439,3
test_013440,6
test_013441,9
test_013442,9
test_013443,0
test_013444,4
test_013445,4
test_013446,9
test_013447,6
test_013448,8
test_013449,4
test_013450,5
test_013451,7
test_013452,7
test_013453,8
test_013454,9
test_013455,6
test_013456,4
test_013457,5
test_013458,6
test_013459,0
test_013460,0
test_013461,8
test_013462,8
test_013463,3
test_013464,5
test_013465,9
test_013466,8
test_013467,4
test_013468,8
test_013469,3
test_013470,0
test_013471,1
test_013472,4
test_013473,5
test_013474,9
test_013475,2
test_013476,5
test_013477,1
test_013478,0
test_013479,1
test_013480,0
test_013481,9
test_013482,4
test_013483,8
test_013484,2
test_013485,8
test_013486,5
test_013487,1
test_013488,8
test_013489,5
test_013490,8
test_013491,3
test_013492,8
test_013493,9
test_013494,1
test_013495,3
test_013496,7
test_013497,4
test_013498,1
test_013499,4
test_013500,5
test_013501,4
test_013502,9
test_013503,7
test_013504,9
test_013505,4
test_013506,4
test_013507,9
test_013508,9
test_013509,5
test_013510,1
test_013511,4
test_013512,0
test_013513,9
test_013514,4
test_013515,2
test_013516,3
test_013517,0
test_013518,7
test_013519,7
test_013520,5
test_013521,3
test_013522,2
test_013523,5
test_013524,2
test_013525,5
test_013526,3
test_013527,7
test_013528,9
test_013529,1
test_013530,1
test_013531,2
test_013532,7
test_013533,9
test_013534,2
test_013535,3
test_013536,1
test_013537,0
test_013538,0
test_013539,9
test_013540,1
test_013541,9
test_013542,7
test_013543,3
test_013544,9
test_013545,8
test_013546,4
test_013547,1
test_013548,7
test_013549,4
test_013550,1
test_013551,8
test_013552,1
test_013553,0
test_013554,5
test_013555,6
test_013556,7
test_013557,9
test_013558,5
test_013559,9
test_013560,3
test_013561,9
test_013562,1
test_013563,0
test_013564,5
test_013565,6
test_013566,7
test_013567,4
test_013568,6
test_013569,9
test_013570,1
test_013571,8
test_013572,3
test_013573,1
test_013574,2
test_013575,7
test_013576,4
test_013577,9
test_013578,7
test_013579,6
test_013580,2
test_013581,6
test_013582,0
test_013583,6
test_013584,1
test_013585,2
test_013586,0
test_013587,2
test_013588,4
test_013589,3
test_013590,3
test_013591,5
test_013592,5
test_013593,8
test_013594,6
test_013595,9
test_013596,1
test_013597,5
test_013598,4
test_013599,2
test_013600,6
test_013601,9
test_013602,5
test_013603,4
test_013604,8
test_013605,2
test_013606,8
test_013607,8
test_013608,2
test_013609,4
test_013610,8
test_013611,2
test_013612,2
test_013613,9
test_013614,7
test_013615,9
test_013616,0
test_013617,7
test_013618,4
test_013619,1
test_013620,8
test_013621,5
test_013622,8
test_013623,6
test_013624,2
test_013625,6
test_013626,5
test_013627,6
test_013628,2
test_013629,3
test_013630,4
test_013631,4
test_013632,6
test_013633,9
test_013634,7
test_013635,3
test_013636,1
test_013637,5
test_013638,9
test_013639,4
test_013640,6
test_013641,5
test_013642,0
test_013643,0
test_013644,3
test_013645,7
test_013646,4
test_013647,6
test_013648,2
test_013649,1
test_013650,6
test_013651,1
test_013652,6
test_013653,3
test_013654,1
test_013655,0
test_013656,5
test_013657,0
test_013658,2
test_013659,8
test_013660,4
test_013661,3
test_013662,0
test_013663,1
test_013664,1
test_013665,8
test_013666,7
test_013667,3
test_013668,0
test_013669,3
test_013670,8
test_013671,5
test_013672,0
test_013673,3
test_013674,3
test_013675,0
test_013676,0
test_013677,0
test_013678,1
test_013679,6
test_013680,3
test_013681,5
test_013682,9
test_013683,4
test_013684,1
test_013685,8
test_013686,2
test_013687,2
test_013688,2
test_013689,4
test_013690,0
test_013691,2
test_013692,2
test_013693,5
test_013694,7
test_013695,3
test_013696,1
test_013697,6
test_013698,4
test_013699,7
test_013700,0
test_013701,1
test_013702,4
test_013703,7
test_013704,8
test_013705,7
test_013706,7
test_013707,7
test_013708,7
test_013709,4
test_013710,3
test_013711,3
test_013712,1
test_013713,9
test_013714,5
test_013715,4
test_013716,2
test_013717,0
test_013718,2
test_013719,0
test_013720,6
test_013721,6
test_013722,3
test_013723,4
test_013724,8
test_013725,1
test_013726,1
test_013727,1
test_013728,9
test_013729,4
test_013730,3
test_013731,8
test_013732,5
test_013733,4
test_013734,1
test_013735,6
test_013736,0
test_013737,6
test_013738,2
test_013739,4
test_013740,9
test_013741,7
test_013742,8
test_013743,7
test_013744,3
test_013745,3
test_013746,9
test_013747,4
test_013748,4
test_013749,5
test_013750,6
test_013751,7
test_013752,0
test_013753,1
test_013754,5
test_013755,2
test_013756,7
test_013757,2
test_013758,0
test_013759,8
test_013760,5
test_013761,9
test_013762,4
test_013763,4
test_013764,8
test_013765,5
test_013766,0
test_013767,5
test_013768,2
test_013769,6
test_013770,7
test_013771,7
test_013772,4
test_013773,8
test_013774,8
test_013775,5
test_013776,8
test_013777,5
test_013778,1
test_013779,1
test_013780,8
test_013781,6
test_013782,0
test_013783,9
test_013784,1
test_013785,6
test_013786,7
test_013787,3
test_013788,6
test_013789,9
test_013790,0
test_013791,8
test_013792,7
test_013793,9
test_013794,9
test_013795,6
test_013796,9
test_013797,7
test_013798,3
test_013799,1
test_013800,0
test_013801,6
test_013802,1
test_013803,6
test_013804,4
test_013805,0
test_013806,1
test_013807,7
test_013808,0
test_013809,8
test_013810,6
test_013811,0
test_013812,7
test_013813,3
test_013814,6
test_013815,9
test_013816,9
test_013817,5
test_013818,8
test_013819,3
test_013820,6
test_013821,6
test_013822,9
test_013823,1
test_013824,0
test_013825,9
test_013826,6
test_013827,3
test_013828,6
test_013829,6
test_013830,0
test_013831,9
test_013832,9
test_013833,0
test_013834,3
test_013835,2
test_013836,4
test_013837,0
test_013838,8
test_013839,5
test_013840,8
test_013841,8
test_013842,2
test_013843,7
test_013844,4
test_013845,1
test_013846,4
test_013847,9
test_013848,9
test_013849,4
test_013850,0
test_013851,1
test_013852,5
test_013853,9
test_013854,4
test_013855,6
test_013856,0
test_013857,0
test_013858,4
test_013859,9
test_013860,5
test_013861,8
test_013862,8
test_013863,0
test_013864,4
test_013865,5
test_013866,4
test_013867,0
test_013868,0
test_013869,6
test_013870,5
test_013871,5
test_013872,8
test_013873,2
test_013874,7
test_013875,5
test_013876,5
test_013877,1
test_013878,1
test_013879,6
test_013880,5
test_013881,3
test_013882,3
test_013883,2
test_013884,1
test_013885,0
test_013886,9
test_013887,5
test_013888,5
test_013889,9
test_013890,1
test_013891,6
test_013892,4
test_013893,7
test_013894,0
test_013895,8
test_013896,7
test_013897,6
test_013898,2
test_013899,5
test_013900,5
test_013901,2
test_013902,8
test_013903,8
test_013904,8
test_013905,9
test_013906,5
test_013907,3
test_013908,1
test_013909,8
test_013910,1
test_013911,8
test_013912,2
test_013913,6
test_013914,2
test_013915,5
test_013916,4
test_013917,6
test_013918,5
test_013919,3
test_013920,1
test_013921,0
test_013922,4
test_013923,2
test_013924,1
test_013925,6
test_013926,7
test_013927,9
test_013928,7
test_013929,7
test_013930,0
test_013931,4
test_013932,8
test_013933,7
test_013934,0
test_013935,1
test_013936,7
test_013937,8
test_013938,8
test_013939,6
test_013940,9
test_013941,9
test_013942,4
test_013943,4
test_013944,5
test_013945,3
test_013946,5
test_013947,2
test_013948,7
test_013949,4
test_013950,8
test_013951,4
test_013952,2
test_013953,9
test_013954,9
test_013955,1
test_013956,0
test_013957,9
test_013958,3
test_013959,6
test_013960,1
test_013961,2
test_013962,0
test_013963,4
test_013964,2
test_013965,9
test_013966,2
test_013967,2
test_013968,4
test_013969,3
test_013970,9
test_013971,3
test_013972,8
test_013973,1
test_013974,9
test_013975,1
test_013976,6
test_013977,9
test_013978,7
test_013979,3
test_013980,9
test_013981,0
test_013982,3
test_013983,0
test_013984,7
test_013985,0
test_013986,0
test_013987,4
test_013988,3
test_013989,0
test_013990,9
test_013991,1
test_013992,5
test_013993,4
test_013994,6
test_013995,8
test_013996,8
test_013997,3
test_013998,8
test_013999,8
test_014000,5
test_014001,1
test_014002,6
test_014003,4
test_014004,0
test_014005,0
test_014006,1
test_014007,8
test_014008,4
test_014009,5
test_014010,0
test_014011,9
test_014012,1
test_014013,8
test_014014,9
test_014015,1
test_014016,2
test_014017,6
test_014018,3
test_014019,8
test_014020,6
test_014021,1
test_014022,1
test_014023,5
test_014024,8
test_014025,0
test_014026,0
test_014027,6
test_014028,5
test_014029,4
test_014030,8
test_014031,5
test_014032,3
test_014033,0
test_014034,8
test_014035,8
test_014036,0
test_014037,6
test_014038,3
test_014039,1
test_014040,0
test_014041,1
test_014042,1
test_014043,8
test_014044,7
test_014045,1
test_014046,6
test_014047,6
test_014048,6
test_014049,0
test_014050,8
test_014051,2
test_014052,3
test_014053,4
test_014054,3
test_014055,6
test_014056,0
test_014057,1
test_014058,7
test_014059,3
test_014060,7
test_014061,3
test_014062,0
test_014063,8
test_014064,4
test_014065,0
test_014066,4
test_014067,7
test_014068,3
test_014069,0
test_014070,7
test_014071,3
test_014072,5
test_014073,5
test_014074,7
test_014075,2
test_014076,1
test_014077,2
test_014078,8
test_014079,4
test_014080,9
test_014081,5
test_014082,7
test_014083,9
test_014084,9
test_014085,8
test_014086,3
test_014087,1
test_014088,7
test_014089,8
test_014090,2
test_014091,8
test_014092,5
test_014093,1
test_014094,2
test_014095,9
test_014096,0
test_014097,5
test_014098,5
test_014099,1
test_014100,4
test_014101,3
test_014102,1
test_014103,7
test_014104,4
test_014105,1
test_014106,9
test_014107,2
test_014108,1
test_014109,3
test_014110,3
test_014111,7
test_014112,4
test_014113,4
test_014114,4
test_014115,2
test_014116,1
test_014117,4
test_014118,1
test_014119,7
test_014120,9
test_014121,1
test_014122,6
test_014123,5
test_014124,1
test_014125,1
test_014126,2
test_014127,9
test_014128,4
test_014129,0
test_014130,2
test_014131,6
test_014132,5
test_014133,1
test_014134,1
test_014135,3
test_014136,1
test_014137,0
test_014138,0
test_014139,0
test_014140,1
test_014141,4
test_014142,0
test_014143,9
test_014144,3
test_014145,7
test_014146,8
test_014147,1
test_014148,8
test_014149,3
test_014150,7
test_014151,4
test_014152,2
test_014153,0
test_014154,0
test_014155,1
test_014156,5
test_014157,2
test_014158,7
test_014159,2
test_014160,8
test_014161,2
test_014162,6
test_014163,7
test_014164,7
test_014165,7
test_014166,7
test_014167,3
test_014168,5
test_014169,7
test_014170,4
test_014171,2
test_014172,9
test_014173,6
test_014174,6
test_014175,6
test_014176,5
test_014177,0
test_014178,4
test_014179,9
test_014180,3
test_014181,5
test_014182,7
test_014183,1
test_014184,4
test_014185,0
test_014186,6
test_014187,9
test_014188,1
test_014189,2
test_014190,0
test_014191,5
test_014192,3
test_014193,6
test_014194,3
test_014195,5
test_014196,4
test_014197,4
test_014198,4
test_014199,7
test_014200,1
test_014201,6
test_014202,1
test_014203,5
test_014204,9
test_014205,7
test_014206,9
test_014207,6
test_014208,5
test_014209,1
test_014210,7
test_014211,8
test_014212,1
test_014213,6
test_014214,7
test_014215,6
test_014216,3
test_014217,6
test_014218,1
test_014219,6
test_014220,3
test_014221,0
test_014222,1
test_014223,6
test_014224,0
test_014225,3
test_014226,6
test_014227,6
test_014228,7
test_014229,8
test_014230,7
test_014231,5
test_014232,1
test_014233,6
test_014234,2
test_014235,0
test_014236,3
test_014237,9
test_014238,3
test_014239,9
test_014240,9
test_014241,0
test_014242,0
test_014243,6
test_014244,9
test_014245,3
test_014246,6
test_014247,0
test_014248,8
test_014249,0
test_014250,2
test_014251,7
test_014252,5
test_014253,3
test_014254,9
test_014255,4
test_014256,5
test_014257,8
test_014258,1
test_014259,7
test_014260,7
test_014261,7
test_014262,3
test_014263,7
test_014264,8
test_014265,0
test_014266,1
test_014267,5
test_014268,5
test_014269,9
test_014270,0
test_014271,8
test_014272,8
test_014273,4
test_014274,7
test_014275,8
test_014276,2
test_014277,4
test_014278,5
test_014279,6
test_014280,1
test_014281,8
test_014282,8
test_014283,5
test_014284,4
test_014285,7
test_014286,4
test_014287,4
test_014288,5
test_014289,6
test_014290,8
test_014291,1
test_014292,4
test_014293,9
test_014294,3
test_014295,7
test_014296,4
test_014297,3
test_014298,9
test_014299,8
test_014300,6
test_014301,4
test_014302,5
test_014303,0
test_014304,1
test_014305,5
test_014306,7
test_014307,2
test_014308,4
test_014309,8
test_014310,1
test_014311,1
test_014312,8
test_014313,7
test_014314,5
test_014315,5
test_014316,9
test_014317,7
test_014318,3
test_014319,1
test_014320,6
test_014321,9
test_014322,9
test_014323,9
test_014324,9
test_014325,3
test_014326,8
test_014327,5
test_014328,2
test_014329,1
test_014330,4
test_014331,9
test_014332,8
test_014333,9
test_014334,9
test_014335,9
test_014336,9
test_014337,3
test_014338,0
test_014339,8
test_014340,0
test_014341,8
test_014342,2
test_014343,1
test_014344,0
test_014345,8
test_014346,4
test_014347,3
test_014348,6
test_014349,9
test_014350,8
test_014351,4
test_014352,0
test_014353,8
test_014354,3
test_014355,1
test_014356,5
test_014357,2
test_014358,9
test_014359,9
test_014360,8
test_014361,8
test_014362,6
test_014363,1
test_014364,4
test_014365,4
test_014366,1
test_014367,1
test_014368,0
test_014369,4
test_014370,4
test_014371,3
test_014372,1
test_014373,9
test_014374,1
test_014375,9
test_014376,0
test_014377,3
test_014378,2
test_014379,1
test_014380,1
test_014381,0
test_014382,4
test_014383,2
test_014384,4
test_014385,0
test_014386,5
test_014387,8
test_014388,5
test_014389,0
test_014390,3
test_014391,2
test_014392,1
test_014393,7
test_014394,7
test_014395,1
test_014396,0
test_014397,5
test_014398,8
test_014399,3
test_014400,2
test_014401,5
test_014402,9
test_014403,8
test_014404,8
test_014405,6
test_014406,8
test_014407,6
test_014408,6
test_014409,3
test_014410,3
test_014411,8
test_014412,3
test_014413,2
test_014414,0
test_014415,3
test_014416,9
test_014417,0
test_014418,7
test_014419,3
test_014420,7
test_014421,5
test_014422,4
test_014423,0
test_014424,0
test_014425,4
test_014426,0
test_014427,5
test_014428,0
test_014429,2
test_014430,9
test_014431,9
test_014432,3
test_014433,4
test_014434,7
test_014435,6
test_014436,4
test_014437,2
test_014438,9
test_014439,9
test_014440,5
test_014441,4
test_014442,8
test_014443,0
test_014444,8
test_014445,2
test_014446,8
test_014447,7
test_014448,1
test_014449,2
test_014450,7
test_014451,2
test_014452,7
test_014453,2
test_014454,8
test_014455,5
test_014456,5
test_014457,0
test_014458,4
test_014459,6
test_014460,7
test_014461,6
test_014462,7
test_014463,6
test_014464,4
test_014465,9
test_014466,9
test_014467,0
test_014468,7
test_014469,7
test_014470,5
test_014471,7
test_014472,6
test_014473,3
test_014474,2
test_014475,2
test_014476,7
test_014477,3
test_014478,5
test_014479,6
test_014480,4
test_014481,2
test_014482,9
test_014483,3
test_014484,0
test_014485,2
test_014486,2
test_014487,2
test_014488,4
test_014489,8
test_014490,2
test_014491,7
test_014492,3
test_014493,4
test_014494,4
test_014495,8
test_014496,0
test_014497,5
test_014498,5
test_014499,9
test_014500,7
test_014501,3
test_014502,6
test_014503,1
test_014504,1
test_014505,1
test_014506,6
test_014507,3
test_014508,8
test_014509,7
test_014510,2
test_014511,0
test_014512,5
test_014513,7
test_014514,4
test_014515,7
test_014516,4
test_014517,5
test_014518,6
test_014519,5
test_014520,7
test_014521,8
test_014522,2
test_014523,2
test_014524,5
test_014525,4
test_014526,0
test_014527,5
test_014528,9
test_014529,3
test_014530,8
test_014531,5
test_014532,7
test_014533,5
test_014534,1
test_014535,6
test_014536,1
test_014537,5
test_014538,9
test_014539,0
test_014540,8
test_014541,7
test_014542,0
test_014543,6
test_014544,8
test_014545,0
test_014546,6
test_014547,3
test_014548,6
test_014549,8
test_014550,8
test_014551,3
test_014552,6
test_014553,9
test_014554,4
test_014555,5
test_014556,1
test_014557,0
test_014558,0
test_014559,4
test_014560,3
test_014561,1
test_014562,3
test_014563,3
test_014564,3
test_014565,0
test_014566,3
test_014567,6
test_014568,3
test_014569,5
test_014570,9
test_014571,1
test_014572,8
test_014573,9
test_014574,6
test_014575,1
test_014576,0
test_014577,4
test_014578,1
test_014579,9
test_014580,4
test_014581,6
test_014582,4
test_014583,5
test_014584,8
test_014585,0
test_014586,6
test_014587,4
test_014588,7
test_014589,9
test_014590,8
test_014591,6
test_014592,7
test_014593,3
test_014594,9
test_014595,7
test_014596,5
test_014597,5
test_014598,4
test_014599,1
test_014600,8
test_014601,7
test_014602,2
test_014603,8
test_014604,3
test_014605,9
test_014606,9
test_014607,7
test_014608,4
test_014609,3
test_014610,3
test_014611,2
test_014612,4
test_014613,0
test_014614,1
test_014615,8
test_014616,1
test_014617,4
test_014618,4
test_014619,4
test_014620,1
test_014621,8
test_014622,9
test_014623,7
test_014624,1
test_014625,5
test_014626,5
test_014627,4
test_014628,2
test_014629,7
test_014630,0
test_014631,2
test_014632,2
test_014633,5
test_014634,3
test_014635,1
test_014636,9
test_014637,0
test_014638,5
test_014639,2
test_014640,3
test_014641,2
test_014642,4
test_014643,0
test_014644,9
test_014645,5
test_014646,7
test_014647,5
test_014648,6
test_014649,2
test_014650,6
test_014651,3
test_014652,6
test_014653,5
test_014654,4
test_014655,4
test_014656,5
test_014657,8
test_014658,1
test_014659,2
test_014660,7
test_014661,3
test_014662,3
test_014663,8
test_014664,6
test_014665,0
test_014666,2
test_014667,5
test_014668,8
test_014669,2
test_014670,7
test_014671,9
test_014672,3
test_014673,6
test_014674,7
test_014675,1
test_014676,1
test_014677,3
test_014678,7
test_014679,2
test_014680,3
test_014681,5
test_014682,3
test_014683,7
test_014684,6
test_014685,5
test_014686,1
test_014687,7
test_014688,9
test_014689,1
test_014690,9
test_014691,1
test_014692,9
test_014693,9
test_014694,5
test_014695,8
test_014696,8
test_014697,1
test_014698,3
test_014699,2
test_014700,9
test_014701,8
test_014702,9
test_014703,6
test_014704,2
test_014705,7
test_014706,3
test_014707,2
test_014708,7
test_014709,4
test_014710,1
test_014711,1
test_014712,5
test_014713,5
test_014714,3
test_014715,2
test_014716,1
test_014717,7
test_014718,9
test_014719,0
test_014720,8
test_014721,8
test_014722,9
test_014723,8
test_014724,0
test_014725,1
test_014726,6
test_014727,2
test_014728,2
test_014729,8
test_014730,7
test_014731,8
test_014732,5
test_014733,3
test_014734,5
test_014735,0
test_014736,4
test_014737,1
test_014738,8
test_014739,7
test_014740,0
test_014741,3
test_014742,6
test_014743,6
test_014744,5
test_014745,7
test_014746,1
test_014747,9
test_014748,5
test_014749,6
test_014750,6
test_014751,9
test_014752,5
test_014753,4
test_014754,6
test_014755,8
test_014756,8
test_014757,0
test_014758,5
test_014759,5
test_014760,7
test_014761,6
test_014762,5
test_014763,0
test_014764,3
test_014765,9
test_014766,1
test_014767,3
test_014768,4
test_014769,8
test_014770,3
test_014771,7
test_014772,1
test_014773,3
test_014774,3
test_014775,7
test_014776,4
test_014777,2
test_014778,8
test_014779,4
test_014780,5
test_014781,2
test_014782,2
test_014783,0
test_014784,3
test_014785,4
test_014786,7
test_014787,5
test_014788,0
test_014789,6
test_014790,6
test_014791,4
test_014792,5
test_014793,8
test_014794,8
test_014795,3
test_014796,7
test_014797,8
test_014798,9
test_014799,1
test_014800,2
test_014801,4
test_014802,8
test_014803,5
test_014804,1
test_014805,6
test_014806,1
test_014807,1
test_014808,6
test_014809,9
test_014810,9
test_014811,2
test_014812,8
test_014813,8
test_014814,9
test_014815,5
test_014816,7
test_014817,5
test_014818,9
test_014819,4
test_014820,3
test_014821,3
test_014822,3
test_014823,0
test_014824,7
test_014825,1
test_014826,4
test_014827,0
test_014828,7
test_014829,2
test_014830,4
test_014831,5
test_014832,0
test_014833,0
test_014834,6
test_014835,9
test_014836,0
test_014837,2
test_014838,7
test_014839,5
test_014840,8
test_014841,1
test_014842,5
test_014843,2
test_014844,5
test_014845,1
test_014846,7
test_014847,8
test_014848,4
test_014849,0
test_014850,0
test_014851,8
test_014852,6
test_014853,0
test_014854,6
test_014855,6
test_014856,3
test_014857,3
test_014858,7
test_014859,6
test_014860,3
test_014861,9
test_014862,9
test_014863,0
test_014864,9
test_014865,1
test_014866,3
test_014867,8
test_014868,7
test_014869,6
test_014870,9
test_014871,1
test_014872,3
test_014873,8
test_014874,2
test_014875,8
test_014876,9
test_014877,5
test_014878,9
test_014879,1
test_014880,4
test_014881,0
test_014882,8
test_014883,1
test_014884,7
test_014885,0
test_014886,6
test_014887,9
test_014888,0
test_014889,6
test_014890,3
test_014891,1
test_014892,4
test_014893,4
test_014894,4
test_014895,2
test_014896,4
test_014897,1
test_014898,6
test_014899,1
test_014900,6
test_014901,3
test_014902,6
test_014903,9
test_014904,7
test_014905,7
test_014906,4
test_014907,3
test_014908,4
test_014909,0
test_014910,5
test_014911,2
test_014912,7
test_014913,4
test_014914,1
test_014915,1
test_014916,5
test_014917,3
test_014918,9
test_014919,4
test_014920,5
test_014921,9
test_014922,3
test_014923,2
test_014924,7
test_014925,8
test_014926,6
test_014927,0
test_014928,1
test_014929,5
test_014930,8
test_014931,4
test_014932,1
test_014933,7
test_014934,3
test_014935,1
test_014936,4
test_014937,9
test_014938,5
test_014939,3
test_014940,0
test_014941,0
test_014942,4
test_014943,2
test_014944,1
test_014945,2
test_014946,5
test_014947,6
test_014948,6
test_014949,0
test_014950,3
test_014951,9
test_014952,7
test_014953,1
test_014954,8
test_014955,0
test_014956,9
test_014957,1
test_014958,2
test_014959,0
test_014960,6
test_014961,5
test_014962,6
test_014963,0
test_014964,3
test_014965,9
test_014966,2
test_014967,3
test_014968,1
test_014969,2
test_014970,1
test_014971,9
test_014972,0
test_014973,1
test_014974,7
test_014975,0
test_014976,6
test_014977,2
test_014978,8
test_014979,0
test_014980,0
test_014981,7
test_014982,0
test_014983,2
test_014984,4
test_014985,3
test_014986,0
test_014987,1
test_014988,2
test_014989,9
test_014990,4
test_014991,3
test_014992,5
test_014993,1
test_014994,3
test_014995,2
test_014996,9
test_014997,1
test_014998,0
test_014999,9
test_015000,4
test_015001,7
test_015002,4
test_015003,5
test_015004,9
test_015005,6
test_015006,4
test_015007,2
test_015008,9
test_015009,0
test_015010,5
test_015011,5
test_015012,3
test_015013,6
test_015014,6
test_015015,4
test_015016,1
test_015017,6
test_015018,2
test_015019,0
test_015020,3
test_015021,8
test_015022,1
test_015023,2
test_015024,7
test_015025,0
test_015026,8
test_015027,8
test_015028,7
test_015029,8
test_015030,4
test_015031,8
test_015032,7
test_015033,0
test_015034,5
test_015035,3
test_015036,3
test_015037,0
test_015038,6
test_015039,2
test_015040,4
test_015041,9
test_015042,9
test_015043,4
test_015044,8
test_015045,8
test_015046,9
test_015047,3
test_015048,0
test_015049,2
test_015050,6
test_015051,5
test_015052,8
test_015053,6
test_015054,9
test_015055,6
test_015056,4
test_015057,0
test_015058,8
test_015059,3
test_015060,0
test_015061,2
test_015062,3
test_015063,1
test_015064,4
test_015065,0
test_015066,8
test_015067,4
test_015068,6
test_015069,8
test_015070,6
test_015071,9
test_015072,0
test_015073,3
test_015074,7
test_015075,6
test_015076,9
test_015077,8
test_015078,7
test_015079,5
test_015080,5
test_015081,1
test_015082,5
test_015083,7
test_015084,9
test_015085,4
test_015086,9
test_015087,1
test_015088,4
test_015089,4
test_015090,5
test_015091,7
test_015092,6
test_015093,4
test_015094,1
test_015095,7
test_015096,7
test_015097,6
test_015098,5
test_015099,7
test_015100,8
test_015101,6
test_015102,6
test_015103,5
test_015104,7
test_015105,4
test_015106,2
test_015107,5
test_015108,8
test_015109,8
test_015110,9
test_015111,6
test_015112,2
test_015113,1
test_015114,5
test_015115,2
test_015116,2
test_015117,9
test_015118,7
test_015119,7
test_015120,8
test_015121,6
test_015122,6
test_015123,4
test_015124,9
test_015125,8
test_015126,8
test_015127,0
test_015128,3
test_015129,6
test_015130,5
test_015131,7
test_015132,2
test_015133,3
test_015134,7
test_015135,1
test_015136,4
test_015137,1
test_015138,2
test_015139,3
test_015140,8
test_015141,9
test_015142,5
test_015143,6
test_015144,6
test_015145,3
test_015146,3
test_015147,9
test_015148,7
test_015149,2
test_015150,3
test_015151,2
test_015152,4
test_015153,9
test_015154,5
test_015155,1
test_015156,5
test_015157,6
test_015158,7
test_015159,5
test_015160,7
test_015161,1
test_015162,4
test_015163,5
test_015164,6
test_015165,3
test_015166,2
test_015167,9
test_015168,1
test_015169,4
test_015170,9
test_015171,9
test_015172,6
test_015173,8
test_015174,3
test_015175,7
test_015176,9
test_015177,5
test_015178,5
test_015179,1
test_015180,0
test_015181,4
test_015182,8
test_015183,3
test_015184,2
test_015185,9
test_015186,5
test_015187,4
test_015188,9
test_015189,6
test_015190,7
test_015191,2
test_015192,6
test_015193,5
test_015194,2
test_015195,6
test_015196,7
test_015197,4
test_015198,7
test_015199,2
test_015200,8
test_015201,0
test_015202,9
test_015203,9
test_015204,9
test_015205,8
test_015206,6
test_015207,4
test_015208,8
test_015209,9
test_015210,3
test_015211,4
test_015212,1
test_015213,7
test_015214,4
test_015215,4
test_015216,8
test_015217,3
test_015218,8
test_015219,5
test_015220,5
test_015221,0
test_015222,8
test_015223,3
test_015224,9
test_015225,2
test_015226,8
test_015227,0
test_015228,5
test_015229,7
test_015230,3
test_015231,3
test_015232,5
test_015233,1
test_015234,7
test_015235,9
test_015236,1
test_015237,2
test_015238,4
test_015239,1
test_015240,3
test_015241,8
test_015242,2
test_015243,3
test_015244,1
test_015245,4
test_015246,1
test_015247,4
test_015248,3
test_015249,1
test_015250,3
test_015251,1
test_015252,9
test_015253,3
test_015254,7
test_015255,0
test_015256,7
test_015257,4
test_015258,2
test_015259,1
test_015260,4
test_015261,2
test_015262,9
test_015263,4
test_015264,6
test_015265,0
test_015266,1
test_015267,8
test_015268,7
test_015269,1
test_015270,6
test_015271,1
test_015272,2
test_015273,3
test_015274,7
test_015275,0
test_015276,4
test_015277,9
test_015278,5
test_015279,4
test_015280,0
test_015281,6
test_015282,8
test_015283,7
test_015284,8
test_015285,1
test_015286,6
test_015287,7
test_015288,4
test_015289,8
test_015290,3
test_015291,2
test_015292,2
test_015293,5
test_015294,4
test_015295,6
test_015296,6
test_015297,0
test_015298,3
test_015299,4
test_015300,6
test_015301,2
test_015302,3
test_015303,5
test_015304,8
test_015305,4
test_015306,8
test_015307,6
test_015308,4
test_015309,5
test_015310,5
test_015311,7
test_015312,3
test_015313,4
test_015314,7
test_015315,3
test_015316,2
test_015317,0
test_015318,3
test_015319,2
test_015320,8
test_015321,4
test_015322,0
test_015323,3
test_015324,3
test_015325,9
test_015326,3
test_015327,6
test_015328,4
test_015329,0
test_015330,0
test_015331,2
test_015332,2
test_015333,3
test_015334,2
test_015335,9
test_015336,3
test_015337,7
test_015338,9
test_015339,9
test_015340,3
test_015341,9
test_015342,8
test_015343,5
test_015344,9
test_015345,2
test_015346,2
test_015347,4
test_015348,9
test_015349,4
test_015350,9
test_015351,4
test_015352,7
test_015353,6
test_015354,4
test_015355,5
test_015356,5
test_015357,7
test_015358,8
test_015359,0
test_015360,2
test_015361,2
test_015362,8
test_015363,6
test_015364,4
test_015365,8
test_015366,3
test_015367,9
test_015368,0
test_015369,7
test_015370,8
test_015371,7
test_015372,5
test_015373,6
test_015374,2
test_015375,0
test_015376,6
test_015377,8
test_015378,3
test_015379,5
test_015380,2
test_015381,7
test_015382,3
test_015383,1
test_015384,0
test_015385,2
test_015386,0
test_015387,1
test_015388,3
test_015389,1
test_015390,5
test_015391,8
test_015392,4
test_015393,7
test_015394,8
test_015395,8
test_015396,2
test_015397,4
test_015398,8
test_015399,7
test_015400,0
test_015401,7
test_015402,6
test_015403,6
test_015404,7
test_015405,2
test_015406,2
test_015407,4
test_015408,0
test_015409,5
test_015410,8
test_015411,1
test_015412,0
test_015413,5
test_015414,5
test_015415,6
test_015416,7
test_015417,2
test_015418,2
test_015419,4
test_015420,1
test_015421,9
test_015422,9
test_015423,3
test_015424,1
test_015425,6
test_015426,1
test_015427,4
test_015428,1
test_015429,6
test_015430,6
test_015431,2
test_015432,4
test_015433,8
test_015434,3
test_015435,7
test_015436,8
test_015437,7
test_015438,9
test_015439,5
test_015440,3
test_015441,9
test_015442,8
test_015443,9
test_015444,7
test_015445,5
test_015446,7
test_015447,3
test_015448,0
test_015449,2
test_015450,3
test_015451,6
test_015452,1
test_015453,4
test_015454,0
test_015455,2
test_015456,8
test_015457,2
test_015458,7
test_015459,2
test_015460,9
test_015461,4
test_015462,0
test_015463,4
test_015464,6
test_015465,5
test_015466,2
test_015467,3
test_015468,1
test_015469,9
test_015470,2
test_015471,5
test_015472,2
test_015473,0
test_015474,6
test_015475,7
test_015476,5
test_015477,7
test_015478,4
test_015479,7
test_015480,1
test_015481,0
test_015482,7
test_015483,8
test_015484,9
test_015485,0
test_015486,5
test_015487,5
test_015488,4
test_015489,3
test_015490,4
test_015491,7
test_015492,8
test_015493,1
test_015494,8
test_015495,4
test_015496,9
test_015497,0
test_015498,5
test_015499,4
test_015500,5
test_015501,6
test_015502,4
test_015503,7
test_015504,8
test_015505,6
test_015506,2
test_015507,7
test_015508,1
test_015509,2
test_015510,6
test_015511,7
test_015512,6
test_015513,2
test_015514,8
test_015515,0
test_015516,8
test_015517,8
test_015518,9
test_015519,3
test_015520,6
test_015521,7
test_015522,9
test_015523,5
test_015524,4
test_015525,1
test_015526,6
test_015527,3
test_015528,7
test_015529,1
test_015530,8
test_015531,9
test_015532,7
test_015533,7
test_015534,8
test_015535,6
test_015536,1
test_015537,5
test_015538,6
test_015539,5
test_015540,3
test_015541,1
test_015542,4
test_015543,7
test_015544,6
test_015545,1
test_015546,7
test_015547,6
test_015548,9
test_015549,9
test_015550,5
test_015551,2
test_015552,4
test_015553,8
test_015554,4
test_015555,3
test_015556,1
test_015557,8
test_015558,4
test_015559,0
test_015560,5
test_015561,4
test_015562,5
test_015563,2
test_015564,3
test_015565,8
test_015566,5
test_015567,5
test_015568,5
test_015569,6
test_015570,5
test_015571,9
test_015572,5
test_015573,5
test_015574,2
test_015575,6
test_015576,8
test_015577,2
test_015578,2
test_015579,7
test_015580,7
test_015581,6
test_015582,9
test_015583,3
test_015584,2
test_015585,1
test_015586,9
test_015587,9
test_015588,7
test_015589,3
test_015590,7
test_015591,0
test_015592,2
test_015593,1
test_015594,1
test_015595,9
test_015596,3
test_015597,0
test_015598,5
test_015599,7
test_015600,4
test_015601,0
test_015602,8
test_015603,4
test_015604,4
test_015605,6
test_015606,4
test_015607,6
test_015608,5
test_015609,7
test_015610,0
test_015611,1
test_015612,3
test_015613,5
test_015614,8
test_015615,6
test_015616,3
test_015617,8
test_015618,0
test_015619,6
test_015620,7
test_015621,1
test_015622,0
test_015623,2
test_015624,9
test_015625,8
test_015626,4
test_015627,6
test_015628,6
test_015629,6
test_015630,5
test_015631,1
test_015632,5
test_015633,2
test_015634,4
test_015635,6
test_015636,3
test_015637,6
test_015638,8
test_015639,2
test_015640,7
test_015641,1
test_015642,8
test_015643,7
test_015644,3
test_015645,0
test_015646,6
test_015647,6
test_015648,3
test_015649,2
test_015650,7
test_015651,9
test_015652,8
test_015653,0
test_015654,7
test_015655,5
test_015656,2
test_015657,3
test_015658,1
test_015659,3
test_015660,7
test_015661,6
test_015662,7
test_015663,6
test_015664,9
test_015665,3
test_015666,4
test_015667,6
test_015668,0
test_015669,2
test_015670,6
test_015671,7
test_015672,6
test_015673,0
test_015674,2
test_015675,1
test_015676,7
test_015677,0
test_015678,1
test_015679,3
test_015680,2
test_015681,2
test_015682,1
test_015683,5
test_015684,5
test_015685,6
test_015686,2
test_015687,6
test_015688,9
test_015689,1
test_015690,3
test_015691,1
test_015692,3
test_015693,3
test_015694,9
test_015695,6
test_015696,4
test_015697,7
test_015698,8
test_015699,6
test_015700,2
test_015701,4
test_015702,5
test_015703,6
test_015704,6
test_015705,9
test_015706,5
test_015707,9
test_015708,5
test_015709,7
test_015710,2
test_015711,3
test_015712,0
test_015713,9
test_015714,9
test_015715,4
test_015716,4
test_015717,5
test_015718,2
test_015719,4
test_015720,2
test_015721,4
test_015722,8
test_015723,3
test_015724,1
test_015725,9
test_015726,5
test_015727,6
test_015728,1
test_015729,1
test_015730,0
test_015731,9
test_015732,4
test_015733,2
test_015734,3
test_015735,4
test_015736,9
test_015737,5
test_015738,4
test_015739,5
test_015740,8
test_015741,1
test_015742,7
test_015743,3
test_015744,0
test_015745,5
test_015746,8
test_015747,8
test_015748,2
test_015749,5
test_015750,7
test_015751,8
test_015752,4
test_015753,8
test_015754,6
test_015755,3
test_015756,2
test_015757,2
test_015758,8
test_015759,2
test_015760,0
test_015761,2
test_015762,2
test_015763,4
test_015764,3
test_015765,4
test_015766,4
test_015767,4
test_015768,4
test_015769,3
test_015770,9
test_015771,3
test_015772,1
test_015773,8
test_015774,7
test_015775,1
test_015776,8
test_015777,5
test_015778,5
test_015779,3
test_015780,9
test_015781,1
test_015782,7
test_015783,3
test_015784,1
test_015785,7
test_015786,2
test_015787,1
test_015788,4
test_015789,2
test_015790,5
test_015791,5
test_015792,2
test_015793,7
test_015794,4
test_015795,2
test_015796,3
test_015797,3
test_015798,4
test_015799,8
test_015800,0
test_015801,0
test_015802,0
test_015803,9
test_015804,4
test_015805,0
test_015806,3
test_015807,8
test_015808,1
test_015809,0
test_015810,8
test_015811,5
test_015812,4
test_015813,5
test_015814,3
test_015815,2
test_015816,8
test_015817,8
test_015818,4
test_015819,9
test_015820,1
test_015821,0
test_015822,0
test_015823,6
test_015824,0
test_015825,8
test_015826,5
test_015827,4
test_015828,4
test_015829,5
test_015830,1
test_015831,7
test_015832,7
test_015833,3
test_015834,0
test_015835,4
test_015836,0
test_015837,2
test_015838,5
test_015839,6
test_015840,9
test_015841,5
test_015842,1
test_015843,1
test_015844,2
test_015845,3
test_015846,6
test_015847,3
test_015848,8
test_015849,3
test_015850,4
test_015851,1
test_015852,0
test_015853,3
test_015854,0
test_015855,1
test_015856,1
test_015857,0
test_015858,3
test_015859,8
test_015860,8
test_015861,3
test_015862,0
test_015863,9
test_015864,7
test_015865,0
test_015866,4
test_015867,0
test_015868,8
test_015869,3
test_015870,8
test_015871,5
test_015872,2
test_015873,1
test_015874,1
test_015875,9
test_015876,9
test_015877,0
test_015878,4
test_015879,6
test_015880,5
test_015881,1
test_015882,4
test_015883,9
test_015884,2
test_015885,2
test_015886,4
test_015887,2
test_015888,8
test_015889,3
test_015890,9
test_015891,8
test_015892,0
test_015893,7
test_015894,8
test_015895,6
test_015896,9
test_015897,9
test_015898,0
test_015899,4
test_015900,7
test_015901,5
test_015902,8
test_015903,9
test_015904,2
test_015905,9
test_015906,2
test_015907,9
test_015908,3
test_015909,3
test_015910,0
test_015911,6
test_015912,1
test_015913,8
test_015914,4
test_015915,7
test_015916,3
test_015917,6
test_015918,9
test_015919,0
test_015920,0
test_015921,1
test_015922,1
test_015923,7
test_015924,2
test_015925,1
test_015926,2
test_015927,2
test_015928,9
test_015929,5
test_015930,6
test_015931,6
test_015932,0
test_015933,8
test_015934,9
test_015935,1
test_015936,3
test_015937,8
test_015938,4
test_015939,9
test_015940,0
test_015941,9
test_015942,5
test_015943,4
test_015944,8
test_015945,7
test_015946,9
test_015947,2
test_015948,3
test_015949,1
test_015950,2
test_015951,8
test_015952,5
test_015953,1
test_015954,2
test_015955,0
test_015956,8
test_015957,3
test_015958,1
test_015959,9
test_015960,7
test_015961,9
test_015962,5
test_015963,8
test_015964,2
test_015965,3
test_015966,7
test_015967,7
test_015968,1
test_015969,7
test_015970,8
test_015971,8
test_015972,8
test_015973,9
test_015974,8
test_015975,3
test_015976,7
test_015977,6
test_015978,3
test_015979,5
test_015980,4
test_015981,1
test_015982,3
test_015983,8
test_015984,4
test_015985,1
test_015986,0
test_015987,5
test_015988,0
test_015989,7
test_015990,0
test_015991,7
test_015992,5
test_015993,9
test_015994,6
test_015995,7
test_015996,1
test_015997,7
test_015998,7
test_015999,7
test_016000,6
test_016001,8
test_016002,7
test_016003,1
test_016004,6
test_016005,0
test_016006,6
test_016007,9
test_016008,6
test_016009,3
test_016010,7
test_016011,3
test_016012,7
test_016013,0
test_016014,8
test_016015,2
test_016016,4
test_016017,8
test_016018,3
test_016019,2
test_016020,6
test_016021,7
test_016022,2
test_016023,6
test_016024,9
test_016025,6
test_016026,7
test_016027,7
test_016028,1
test_016029,8
test_016030,7
test_016031,8
test_016032,5
test_016033,6
test_016034,1
test_016035,3
test_016036,3
test_016037,7
test_016038,6
test_016039,5
test_016040,6
test_016041,1
test_016042,8
test_016043,1
test_016044,8
test_016045,1
test_016046,5
test_016047,1
test_016048,4
test_016049,4
test_016050,3
test_016051,7
test_016052,3
test_016053,6
test_016054,3
test_016055,6
test_016056,1
test_016057,7
test_016058,2
test_016059,0
test_016060,2
test_016061,7
test_016062,2
test_016063,7
test_016064,6
test_016065,8
test_016066,8
test_016067,9
test_016068,6
test_016069,5
test_016070,9
test_016071,3
test_016072,6
test_016073,7
test_016074,1
test_016075,1
test_016076,1
test_016077,0
test_016078,0
test_016079,1
test_016080,0
test_016081,1
test_016082,5
test_016083,4
test_016084,2
test_016085,7
test_016086,7
test_016087,3
test_016088,4
test_016089,9
test_016090,3
test_016091,6
test_016092,4
test_016093,1
test_016094,5
test_016095,7
test_016096,3
test_016097,8
test_016098,7
test_016099,5
test_016100,5
test_016101,2
test_016102,4
test_016103,0
test_016104,6
test_016105,6
test_016106,8
test_016107,3
test_016108,4
test_016109,5
test_016110,4
test_016111,6
test_016112,0
test_016113,8
test_016114,4
test_016115,1
test_016116,1
test_016117,5
test_016118,2
test_016119,1
test_016120,5
test_016121,2
test_016122,8
test_016123,0
test_016124,7
test_016125,9
test_016126,5
test_016127,2
test_016128,3
test_016129,2
test_016130,5
test_016131,5
test_016132,4
test_016133,7
test_016134,2
test_016135,8
test_016136,0
test_016137,4
test_016138,6
test_016139,2
test_016140,3
test_016141,1
test_016142,6
test_016143,8
test_016144,5
test_016145,8
test_016146,5
test_016147,5
test_016148,5
test_016149,4
test_016150,6
test_016151,5
test_016152,0
test_016153,2
test_016154,0
test_016155,1
test_016156,2
test_016157,5
test_016158,5
test_016159,8
test_016160,8
test_016161,5
test_016162,7
test_016163,6
test_016164,0
test_016165,1
test_016166,2
test_016167,4
test_016168,5
test_016169,5
test_016170,4
test_016171,0
test_016172,1
test_016173,7
test_016174,7
test_016175,4
test_016176,5
test_016177,4
test_016178,5
test_016179,6
test_016180,2
test_016181,8
test_016182,8
test_016183,9
test_016184,7
test_016185,2
test_016186,1
test_016187,8
test_016188,0
test_016189,8
test_016190,0
test_016191,3
test_016192,2
test_016193,9
test_016194,0
test_016195,7
test_016196,8
test_016197,6
test_016198,1
test_016199,5
test_016200,4
